From Address,Total Value
0x4873f1768e1833fa6fb720b183715c7f57ecf953,7.5
0x55af2cd30dd1c43da194b8121adbd1a359996b6f,7.5
0x865adddcde5b0210f6aa8dd83dae064863b3029e,7.5
0x1079600c42e58e8d4fbbaf87d8bbba973eb245eb,7.5
0x563153823d702516f92fc24edd9358d6973f60f9,7.5
0xa764e937556b742a88723bb6c8b269b26dae742a,7.5
0x20251a0505ead51fb2c6ce5c1f399924ea068322,7.5
0xdb08eee6f51ec96cd5181cb23e6ce4df83694c0b,7.5
0xf124e78260c09f52963ea5f3289592f2b1879a8a,7.5
0xbdd95abe8a7694ccd77143376b0fbea183e6a740,7.5
0xd5089fb41a70dda40f893cf48fb13f3ed1cce684,7.5
0x114ac80efddf56fa31348a954fd9b1e0f42362dd,7.5
0x8285a64daa59e830bf6861f35f36e9ead2708529,7.5
0x5800b644f309f8d85fc5e243ffc08588093dff4e,7.5
0x826a98010ff540791a150111164191dc8b02e5de,7.5
0xc940c890c1b455a872ae8ac51016d303fd6de2fc,7.5
0x820880c9040041d6a514e069ec0a2f37997325d4,7.5
0xda6ad74619e62503c4cbefbe02ae05c8f4314591,7.5
0xa79e109bd04ba5070e850a8868b0fc0f8f0ec207,7.5
0xa7b5ca022774bd02842932e4358ddcbea0ccaade,7.5
0xf131e268ea9dbd9a9892d1f8ee0141cb2e6cfd30,7.5
0x1036e10a9bb2d502db06407c5acb4e22ac3c8c29,7.5
0xe3a800d68c0351ec9777e5ce6b885e5018552853,7.5
0xc9d0816ee844e1ff004670636e425f2b7b990952,7.5
0xf8c3a2883f4baee0a39a6caff17aed6cc7d10a8c,7.5
0x65dcf7782260aa1d6642a85f36c0bc9545182f1e,7.5
0x0bff926237388495e68d58c1616f3d147ff33dbd,7.5
0x7375c6a14373f89a07b7e6deeb1d7fdddfecf6bc,7.5
0x65cd2c617bc22bfd319d940f0187c87d480a2387,7.5
0x8a1bdfdb9a6ba11dee57f7125bdd55ca54f651ea,7.5
0xf9001a57d0aac84abbb7156a5825530cb163a2e0,7.5
0x73dcbf6b9c2a81759ecc5b87c64a730d879001e7,7.5
0xa60cadd2e02a28a5914d77131f90d1b1f57e23f3,7.5
0x537aa56e9ea99e1cbe4989307fa950b94734e6e7,7.5
0xcfa403e544792d0d6700ea4e507882e77ab67f73,7.5
0x0dd3714aa769ff497af1890af38ecd1745cbad28,7.5
0x3e286204d48905018e4cfef288e4e7d2235cf748,7.5
0x0de2af5d27ded1de2570ffd0c62496c625b78085,7.5
0x0e95ee3a584d95ce952f31b042ac0d5237644431,7.5
0x20905a56858af03ddb80b32c9fe26e96093edcb5,7.5
0xcf29e2eeeb429ed18c6257857f367f8c0350cac3,7.5
0xdbce62c731422476da48cef017bc4591f64ac4f8,7.5
0xec36697c3c8c8e385b37e17df40dbcbe2dbd9ffc,7.5
0xa0553e045fda77dbbe741ffd5b58ae7cefdab380,7.5
0xda2a6295a6223e15d2e1bb3f03539be74c376580,7.5
0x64809bdf6622856382c27a7cc73e8c8106d33c33,7.5
0xd4d310ec2f7b19104b5be85b7fde7e4952018502,7.5
0x9b8753ac5a975708a654d16f7a1c1fc9a7b98828,7.5
0xa8878db227d4f67427e7611de026f5078af4194b,7.5
0x33a0325240a31bcc0ba34b44cd5373e9ad8aabc8,7.5
0xf2b15320db6992ba49a7563e50e888c20edcbe3c,7.5
0x7b75bc70b928472856047fdef0d08d5b5816aefd,7.5
0xf4faca935238f1f12ce0e5499a567946b8556a0b,7.5
0x342d662ce44bc2509d563c3a2c7ab8996801e714,7.5
0x9cee20365ce2d51b97a661f7ab141baf670e6532,7.5
0x7b1ebf2bb08d5b3ca3db586b79e9c9ef8f88e23c,7.5
0x3615e04d0f21e2c7d6001e561ce8d4a5d0594ee7,7.5
0x5fd2c02689d138547b7b1b9e7d9a309d5a03edcd,7.5
0xcbf16779df3ee5052fb28c5481a1c398a71cb9fd,7.5
0x7a70536c4d695b1ec9df972e91461e834bfb00e8,7.5
0x5fc3b27514ae5a9cc5946c0d63009dcb1334b4e3,7.5
0x3537914a6bbce19ee62becd696143f62afc89616,7.5
0xf371875a0045b1fd61c4b1166066dcdd3bde1bb6,7.5
0x798b796985d35d94a3bef2c10996eafd20cbb2f5,7.5
0x79813b7848553bbb3ecf0156d329a8b6b4a2fe23,7.5
0x1bf3a739cef31e93253edac3ae9bd286493f1212,7.5
0x350eb74cd174935cb94b5aa6560ea130a17b4c9a,7.5
0x186ebace2d904249ad7a5421f06c2d8c1b61181b,7.5
0xf583290204893f125e9cca9c126f967213bbaf19,7.5
0x144902967c64f5f6b3019ba96e45b0692c97a89b,7.5
0x379f75d14f5822e3491d4618f9517a99f881da0a,7.5
0x3aaf054780309c735baaa9c930670340c458ac1b,7.5
0xd946f4983dce96a0057e34ebd27f807125504d15,7.5
0x3265a39fa1bdd28b9029568208e3cb4639adbf3e,7.5
0xf6d7c0eb54b5bdac3429ea7bcd7c884c877be707,7.5
0xca2512203662d1255a06a55227bdecccd2af33d8,7.5
0x1599f9f775451dbd03a1a951d4d93107900276a4,7.5
0x5be8f739c8ea94d99b44ab0b1421889c8b99b2e1,7.5
0x7ef61cacd0c785eacdfe17649d1c5bcba676a858,7.5
0xf6b4f711a2e3329b6c2782b3e7ceeabfb62e3d89,7.5
0xea47f602e8c3c995234a3524db45d6673105d219,7.5
0x7695ea5de20f829eb3161b6d5299d94cb68f0e11,7.5
0x9dd2f80840bd3bf120406a598b7bb39028365f9c,7.5
0xf1ca559d6295057951edadbac1826fccb1517509,7.5
0xe75d916c6c839e5cfb169bd7acb68b459632772b,7.5
0x16f2bacf87654067e6b0559bc8ffc09f3cf1c5d1,7.5
0x1766255e71a11f9f9d13abe3f2840e3f6942aa29,7.5
0xcde9583050e7128b890ca5ef9bf8be805b57f1fe,7.5
0x7794bc5897b92c8697e5b6409732bb2bc75f3544,7.5
0xe8616eab82aa739e532ab72f75bebb8e3238c583,7.5
0x661d3005506aea3def4422606b1a31be9cef1d80,7.5
0x0e719677cb5679ff07858f58bfd6fe2a8234863c,7.5
0x1be3edd704be69a7f9e44b7ad842dca0757c1816,7.5
0xe0586775fcc0873c9206881a7dae4a93d2aea4ae,7.5
0x97a5319af7bdf8edb21acfbc38a5b1a85cd56f41,7.5
0x08046e2349017615d53d3977c307d39ab4eeb3cf,7.5
0xdcf8fcd92f6a5dc97cefb89cf560465c9c42de53,7.5
0x96cd55cdd63f1034591b11a9003eaf16e7fe715d,7.5
0x6f69f79cea418024b9e0acfd18bd8de26f9bbe39,7.5
0xfb93844c371012fc30322cbf3998e4f0054a700d,7.5
0x8fe22c83ded0d0b5296445e628cb4b8f727da228,7.5
0x44c2a80f8b924858db469a5b35128908e55c531f,7.5
0x68cae37ccb61c984c69fce3c353f749773161382,7.5
0xfeaa09ba74cc380222880e26617124c7db1fbf17,7.5
0x4515733da791849cd251e75ef30c7fe55ba17bcd,7.5
0x2e900e2b33394b0925be2af0e5daf3b0f6930c51,7.5
0x90807fe748e4e7fbb94d34266cd746fcb4afe6ec,7.5
0x06306569ad7e2154f61ea0cd65c9ac81195bddf0,7.5
0x061202af4c55a68d3db3c86ec634783ac990be5d,7.5
0xb347dd642e9b20be829abd986a3c16d3e5cf1ffc,7.5
0xb2aadf6bfc0a5213acb9c279394b46f50aea65a3,7.5
0x4fd08ffba34983c898f75a1660cee8854d7cc214,7.5
0x90b8c9d44576410725d3e7c892efc54d22334ec9,7.5
0x05782387c5572e96d72f4bcd8cb61f8d7c3fb16f,7.5
0xfcbb0e5935aed023435fca45b61d1223ee785472,7.5
0xbc8c51eb156cc9f95bc7475ddfc6cdb74e269502,7.5
0x26f921d0358ea791e4071cec84a5040f5ff73440,7.5
0x6dfd673c7aa240990ab22cbb04c46fe0a710a942,7.5
0xfe179bdd70b1f311c905d079a4d0e4446ed7fcec,7.5
0x25d49c5357788721b30bf17c426195d09c6480cd,7.5
0x26013b787aac632a92483f669e2de85103ad2536,7.5
0xdd6d3324c75a5ae1480ef9f3394702dc28adb65e,7.5
0x96de627be6262ad2e19553824aad1af6ba1ebe9b,7.5
0x460eebde20336aa615370f4b7b7a916e5656d4e6,7.5
0x6aa0b20ec4592534a428a85d43eb42cc05b759ed,7.5
0x50deefc1fd366d42846b1c0a23965abc01261b38,7.5
0xfd7a48f2a5ecba15b9d23b07d1dc1d1718310810,7.5
0xbe636bd74e693501ce5890dd838ab6a5e551d216,7.5
0x2329a3412ba3e49be47274a72383839bbf1cde88,7.5
0xd0680be2393998a558c9864a0c264ac8731bd4df,7.5
0xe1b4e4d6320c65748a1900cf0329cb7221959d8a,7.5
0x9837c114de79c730334882f5791fd9222a73066f,7.5
0x2dcbfc5698ac2ce299e43feafa498d517f951769,7.5
0x0122f353c60727dcb485a6560dd537c4f9fe5a5a,7.5
0xc3f8e3b3808d2e33b06abfb8731b88948e1f2b8b,7.5
0xed76912506d2f49bbac62b441121d34338864a89,7.5
0xd39e456c22eabf3ab0e58bdeea269927c65f6263,7.5
0xb39e42133182359a4430d61ddf451f891d00b5b9,7.5
0x4918aaa1679d51d28c8f7f7a80ee5bea491af6bc,7.5
0x71e7b94490837ccaf45f9f6c7c20a3e17bbeb7d3,7.5
0x41bbdceca26e81f6dd4b6439dbf4f32ffeae96ec,7.5
0x220cd5e7ceedec9eedb11879ec1a320790942137,7.5
0xc477b7c1f24b94ace8d3ea62095289523471c668,7.5
0xc39b94de0085b90f9c3e9c07c40ca4048a1274b8,7.5
0xbca26341d5b153c6bc4e971234a879e26a7a5dcf,7.5
0x009d2aef6eded4c1543e9a41cc6f864b5ecfb564,7.5
0x6d2c6567885377b0f4128510eb06b584d0371827,7.5
0xa3f61be2d755c710f9202dff1e778df098881bab,6.75
0x42299a01a17fc93ec0af54da89268e6b49b19464,6.75
0xe0d9a0aa2bd374460b9881f0df6f00ddb2bd8e29,6.75
0xcb6ccc00464119ba0f3babdf0aab9e54a86546ca,6.0
0xfd9487f4d308d464bd67731e2d4259c2582f3bf9,6.0
0xd1a0cf6927cd57d7afc49f8c7e684be05f698646,6.0
0xcbb34f893bb651953de6035042d1e14188ad51c2,6.0
0xaf57fc5997685b3968d21e5ae2cced34a573dcd8,6.0
0x79db072377b676ced35d5923d04392f96f96d9d6,6.0
0x78388b6e43b18fd155f840f15429f98af7a6bc75,6.0
0xfaab93920c203c331882ddf290ab9b33b4b49c9d,6.0
0x1ee379279c905d7e85f1dd8d71ad58caaad150d3,6.0
0x3c67b03a5e69967b412fbd5be9078e17778f49fc,6.0
0x70252fb6d58d98242c974f32c0bde7c2f8f7f039,6.0
0x8f7cb8184a7e7bd2d986d18be320551913137da1,6.0
0x01aaf2a75309a920905bdca207d99428f1251ca9,6.0
0xf8e756b40344011abaa0c75b2f732ea60de00e48,5.25
0x8cf943c008973a7f4c23f3f402d424aaca3a3652,5.25
0x86cfe5b9d71a61eb489fb323d8b839d89983fb37,5.25
0x18ae7c17dcad70bf5240ceab571abb7938951abb,5.25
0x65865924c7e60e745616c9525051e6ca88ab0f4a,4.5
0x0912936c004d6fa6e9001c6e484634c0edaf111b,4.5
0xaf15840e37aeedce484e440a8f07b7153fb9c009,4.5
0x73cf0c0ba87e6d62d652d40d7a8b2d7912fd2e2a,4.5
0xf6b14e979c9770e3b6105027aaead1e6f33f5994,4.5
0x1c6fc633094074c3fef9753f42da37b8912e76ce,4.5
0x89a22520db90e7a90aec29f7c96977bf8e5943c8,4.5
0x541f4025e5423a36cce1fdc4f4f24ccc65d20f9a,4.5
0xdcf41fc1fd3c6e013d09914ef87fd36add09c727,4.5
0x6b6dbbc1e6c46eea91f1ebf790f02e0c8dedb852,3.75
0x69d02d0f1986a5ee01b6bfefa569b3c8d08ddf77,3.75
0x29c0f446b983d002a8d110aee7e904426da5327f,3.75
0x2a601ef48f4fead97622a971b74bb13ff8d34821,3.75
0x6a61925dcdf27d8b28c11ec76228b4195a978069,3.75
0xeea8e8dadb85cf9774f4201e1942736063e96f27,3.75
0x6a56ebf9c469f1f6cd7324ebd809b7e541cb9964,3.75
0xa889bb93d9d40b8c7978188737770c9e19f52ab9,3.75
0x609693b7d903560ffe5ce21b76be1cfe3bec8e31,3.75
0x6b14a7608555cb10a7cd8fb691b1189f56259dfb,3.75
0xd5fce3ec07cd69870e159d0abfaa9ff9d5df2cd6,3.75
0x60cd5cd13e7be6f92cb1e13867fa2d4212531256,3.75
0xd4d8c6a21f71de026e68c160d75cfd1d720d22bb,3.75
0x3383c54e573bd1cb1948cfe2561a5eee512259a1,3.75
0x2d77800af947ee4f15874e2c28662987e8bcf81e,3.75
0xd314a6de713629988527bae1d6bd09444bb58a83,3.75
0x656e5cb26a65ba8f65cab52ba97918bf4a367147,3.75
0xd348e90b4e2f3cea9cbc331089597dd1e1fa94f5,3.75
0x2cd63ddccce3fd038eec389a57e09c6cb2e41663,3.75
0xed7a86ebdd39bc4a9339d0aa3bb91b497caf7686,3.75
0xd395aaa654699ce96cb2a37c507c95d2fee02b38,3.75
0x658fb634fae88897d0d1db2b2a0aaf0732d950bd,3.75
0x64a26ba8f6c13af8af06841a2a99f6e7e7faabb3,3.75
0x65b9fbc2f455e19d92ecd78de7f373a11a99e8ce,3.75
0x34ab707d42717043a72afc54dff1dddb1833cb0b,3.75
0x2dcf5b89f688444b8432628453b823cea61a2ea2,3.75
0xbc4b4b3cb8f2a7a89bb1df89fa0639bde69867c4,3.75
0x2f2da04c316ab3eb238cd56aed1a9ee261db57c7,3.75
0x2e86c24ec294ff9e50440bd871f5308e35901779,3.75
0xa06c0c2b2ce1918a148e5c6ea9f32a374ef44ba8,3.75
0x308fe8b62234e4394072d4fe09f6dbd4f8579d8a,3.75
0xa0e5ec2cd3eef3a6d6db869a2ef18ab6323d4081,3.75
0x68d39be8c66851afbb61abb3b2e0a8ef59b58e80,3.75
0x3317774c9febc1613cb236249b18ef564910b5fe,3.75
0x61e511d135f4c5495c33fe12d90fbdafcc4e8e07,3.75
0x69b5ee4b5406fd6bb1329f79da1658b01e5a706f,3.75
0xd2b170bd34e2e9182b5b592056ca611f8e76eb78,3.75
0xa0a68a942aad9a8b0c03e4a9e2e02485a9521091,3.75
0xa01c0735c7ca5f8efc1e63efa5f2d1c4fc1a4714,3.75
0xd59d1ef7dfd0d9c41da1b12209722b5a0712dd32,3.75
0xd310e1d9f348f86287f091bf9df1bb6eeb026bec,3.75
0xa8c4e62b7cea5365ebfcc9051d8267da759d9b5c,3.75
0xa8ffa84fe054da6bab987a8984d4d35f54491a75,3.75
0xeaf962f4e403b174db79570d1dcfa0ac76b7a1bb,3.75
0xd563bb51ff55eff701569b9abe6f8f188bdc25ff,3.75
0x642b15a995980eccb49e6475f44975ff1f50dab8,3.75
0xd2e85e0d26c7e15fc6a5d8f86618471bd3f1caa2,3.75
0xd54362a003561852fd4a5d74ce3f0f6a44fbc0d1,3.75
0xd8f885d1db356f3d1835999f011f3b79a28b9f4c,3.75
0x5fc3490503451bc4712af5b253871e021f1d3822,3.75
0x528bbd338250cda97fc652f5bfa0ece3057952e8,3.75
0xa35a48a2a309f7bc519d40305c9d290cf4db37f2,3.75
0x5199d6204b788016353a201b8dad4668a71f1a8a,3.75
0xba91c2dfa26d9b02cb2bdd709ecc45f5b33b0231,3.75
0x52149d18039b037374e2aed5211cd649c6f39d1c,3.75
0x42f804d69299cfa0b43540ffd09cfc78987df2c2,3.75
0xe188b0ba723260b14d5c61dcf8e7a69ab4b9cf41,3.75
0x42ad947c3afe0887dcaaeaf54c715e215b4e3426,3.75
0x522fc5a9efae69918119eb3a1dc87aa74b65aae3,3.75
0xa5de01014b50854a91259029c98c92fd8c5a2414,3.75
0x527d968af4283f20924c2e5b8dff867aab566478,3.75
0x41bd4fecb92d34a5b46e312a730f2656eaf35935,3.75
0x43cf525d63987d17052d9891587bcfb9592c3ee2,3.75
0x52b1ad248136d97ab8259fdd00761d44d34ffbad,3.75
0xe216e8ab691bda159d0f2a559a36cd102d8fd9d4,3.75
0xdc295e925e84e155e860bca1d36a68b88a604642,3.75
0x52e701dd73339f598c35987a044ea2865746a701,3.75
0x52f0d5805045a14579bbdcd719e0086c5ef3574d,3.75
0xe27f08a01a3b1380866919ff768dfcf8cd7f3488,3.75
0x53142db7e4b06c6137963e9298f4f65ea73ff3c0,3.75
0xbb3f61b3c194405cc5327db428e2b940a10226c1,3.75
0x3f5813c0d7b344272a409546db3be05fc2b6015f,3.75
0x3f57208f30d1c5e8e4e2b5e341688cf66983f448,3.75
0x43cb53411d4161ca17da36f5a3a07c4384075629,3.75
0x5005104276c3b86ff5a17e24a16340d8cbf7360e,3.75
0x535950cfd696ff3e168324c423d3527304955621,3.75
0xa522d4b96785900cd40a57154272d8a32e54b2bc,3.75
0x47d3f20576edc2024d2c3d9cc263a60ad7ef3f76,3.75
0xdfdd269285cfc31a47ea35df69e149e49cfca436,3.75
0x48a6ceabf9998f11d97c304a4d38e7743da4c9d4,3.75
0xdf9cfdfb1ecb30a88e14743d90c70126fb4c00b3,3.75
0x49829edd28a57a88c5f44cf3ae024f4585f33ac1,3.75
0xb99eae4b1fb07880896ab975534869bcddea35e0,3.75
0x49f371852bb944072ef091502872f732ffe10f00,3.75
0x46ae568842e3f3d2bb7e2a4f6ca8e38692c6ab86,3.75
0xb9cb7f95139001470cd480d0eaec83b5d8fd5dc2,3.75
0x4c99abb834e216a10a5f6958ea51a87dcaf553fc,3.75
0x4ccdafdadd4a3b2ead1b744c07a9f5ccaca8f771,3.75
0x44c18fae17e236c394d5c010e4a6a991280a7fb7,3.75
0xdde01147aac2152dd0776bc3ed84cc96474df52d,3.75
0x460b26b95b251b477e2bc52ab731c70f42299adc,3.75
0x4e383adfad8a892cfde182eba4aef26d04be1679,3.75
0x45d72871add3b5cf9d6f62ed84de158448f98b50,3.75
0x4e9edd87add0694398c430981d22fc17e39dfd6d,3.75
0x4eee48c710b2253dcfce9df38d72c39e05a8d3d5,3.75
0xe0938a574fd52d8f6b83f3584f6f6a33083a7511,3.75
0x455db1834f91b80aa9ca99d14ccb43f0a02340a5,3.75
0x4ffe858b37c9398237246a81885c5d4dcb38245e,3.75
0x4504efe6321e891c115aea35727a6a7895dd0a64,3.75
0x3f3e2f43f0ac69f30ec38d3e4fec304bdf330e7a,3.75
0x5370bb6adc4818b1641d1105bfe0984b684e3661,3.75
0xe926edb876d5120ae902dd1683c66f1be84e809c,3.75
0xe8162912d3259be14fa802a6acbaa1dee7dcdd33,3.75
0x39096110c8b5ec6f7fa8af8bd8c43aa1bcfcdf1b,3.75
0x5cabf9593dc0d2b837a885e37428390165f086a3,3.75
0xe6ff1989f68b6fd95b3b9f966d32c9e7d96e6255,3.75
0xa83ec4c17f09cb161aba6c38a95742c8ca3ddd0c,3.75
0x38bf30d3f1528bbd2bb8a242e9a0f4405affb8d0,3.75
0x5ce8761f6d90f25d0cc1d5e3c103ecbf7d1e6f79,3.75
0xd7dea37adbf6888ef7a9a4035b0edf36932cf0ed,3.75
0x5d7d6f679083f3ebfc6a510c418b4e1b2f754fae,3.75
0x5d926e55b0f94dd11752a7d8079440b62b4b77d2,3.75
0x3833cb60fdafb757a4342b750bda61922f8cf1af,3.75
0xe8c6cee0408d8fcb1e09dc13149b6d516c32ff70,3.75
0xd8299013f5628527f66f8de1db5eccec689c07dd,3.75
0x5df2d9a8c16c3cddd1bf073550d9b8f2d18211ef,3.75
0x374243528324844d7cbf5962db55481b58ae2827,3.75
0xe8e2e63d38a75d2d74b61e62901bc0ce80d8b48a,3.75
0xbbf201a8cb31becfa2d615187a879488fe6bbd1a,3.75
0xe911b353cf8788fe4fcf60a7ea1f45ab125585b8,3.75
0x3644011fb7ec7daab4f0c835c1ae0fd0e620d766,3.75
0xa126b4ad2328055ab7c01ce87a29a17b9f97e85a,3.75
0x5e59ac40c4d661e55a97c317a5002bf6d9e7109c,3.75
0x35c4d50689b20d61a717fc3fa1f35317f7518b32,3.75
0x3588638ea5d85eb5d9ac6c99a0d484acd0210ae4,3.75
0x390feed549c8ea97b7321fefd8697e14377228ca,3.75
0x5b97106fa5d8686a447b3bc6a98fd0fba35dd314,3.75
0x3e584f1f2f1955e2e749057df034800e1f200660,3.75
0x3c77eaa1da136dda9f8f98dfc8d38f2fc6eec7db,3.75
0x53e3e164d195d2bc8ca08b3125f31106f844cb9d,3.75
0xdbefee517025559e7898d3a48f18221c32d3fcf5,3.75
0x546e499a395f38e3b3e51aed454c00f0c4caa632,3.75
0x54bb62d24d6c5060c51ffe384a7ef99ba8524954,3.75
0x55123a924f1deca9bd7577e8974d8edbd653e6dd,3.75
0x3d49b36ba897ba8693c3a86834c5906a07bf1a0b,3.75
0x55d35116e5ddfc16d89f552984274ec377539f3c,3.75
0x3cbeafedadd462f5f4b7765c1c1a1d3f19f3cae0,3.75
0x57a88770ce4583332d4b1ea3ee96f2cc8bf0171c,3.75
0x57a979e5afdc43f81ece7ecf17a754901971a164,3.75
0x3c229a3a3a1a2ba28ab0ec7daed67851b2ed2fb9,3.75
0x5b0b9830892f7cad0a4b7e273e18729bb170283c,3.75
0xe4d233b000e79d3c8b4f7d4602f52ea54aeba375,3.75
0x5886977245d8831eef08dea9e76f55ffffaf2af8,3.75
0xa206d3731a2291bd1ef26ca037cc8110e0fda150,3.75
0xe61a46c2fd8d8297a0c38a121de17e236c3567e8,3.75
0x59cc284cb3915a7708dcdf8d9a2f358ba1f78217,3.75
0xa7ce0800a7869ce5862f5b2c64dbf749dc457c44,3.75
0xbb9cb8d0c991d09aab7f37b3567010a4e0b76d87,3.75
0x3ae83c82dda6323ff2ca8c09b19bcdd8fd8b37a7,3.75
0x5aa35f2d503314af62983338bdfce6b293abe206,3.75
0xa800659ac66367eba01462576660b595ae8f26ef,3.75
0xd1d021956b804eef85b686bb6b82b2565217d4a3,3.75
0xb2066c050350d4072bb40344bc8d423a38fdb7b5,3.75
0xd19f28c2494e10bd9d3797ffc60568c9b95d9af9,3.75
0x8ae990228e3fb6b7a888b09c304d8d255c3e0fd1,3.75
0xbe06c76381efe271f782af6429fb587ec73449f1,3.75
0x109d0efada05945e8c97ff5119c4eadc3b590860,3.75
0xc68acf7310d836cd58b7946556f53558077e5ac9,3.75
0x1029104967e45b9d5b44849211bf2696996edecd,3.75
0x86fa2be0159d1a63e40c0723be2be687b17ca385,3.75
0x98ff8c0e1effbc70b23de702f415ec1e5ed76d42,3.75
0xf8c75c5e9ec6875c57c0dbc30b59934b37908c4e,3.75
0xc5f36c576e0a9628cce55f3d99d1d3b10512ed86,3.75
0x88193fc66f2cab15e03add807d11adc08b5352df,3.75
0x98ec77e2e8f663bc93fddb58a4b157e64b6d3c42,3.75
0xc5a4411f2425ea59d61d5804aa7c42a36565a6af,3.75
0x888142764db044b978b21c66b5f1301f002ffe84,3.75
0x0ddaacf9a5f1e2a3e1ff294d8be5ab29c8c4be73,3.75
0x88ee96a550c12de71939c4c91f578b6c627a8048,3.75
0x89eacc5aee6688f75935b2240d74742f37659f64,3.75
0x98c2e08b3f6302923fceb0bc2485dc2870a19d8d,3.75
0x0d16b1bc552da26af2d3c066aa6addb5092f0a82,3.75
0x0c792618fbf26e60cb24c68b945e5cd3eabdfa76,3.75
0x0c5e0da6acc9152e98cfaabc6e059b3d922d765c,3.75
0x8a678ecdd40bb5a57b434bfd18adda3e95d7c85d,3.75
0xc5440a5e857102620bd2e7b1c28895f4d99934c0,3.75
0x0bf12d3f83addcf9df5fcda18f363913b89654ca,3.75
0xc53f5a27021455293aa34da308280abc4cad210a,3.75
0xf87dd48055cf61f6eeb067fb14412dfe1fa4c7bd,3.75
0xc783a2839f18da05309d0a7914d1544238132079,3.75
0xc8ab00683714fc149b5e1827b4a77e4f73d74179,3.75
0x14b27e03a394cadec25b2b20573e1ce88f482e91,3.75
0xbd6b8d8fa94f7307840252548549b56a33c98054,3.75
0x7e8d6380b45d33ee8be40635484bce7c362536b2,3.75
0xb4be9ca8799fcb3666787a9e49b792a8b1d8c3b9,3.75
0x7f998c797ff4ee1cc93400db1e6cbc2140a71e32,3.75
0xf72345d041136471c6d914693810c333b3a43805,3.75
0x151912e86d5afa1be0c8968ba4ad1ec7937da975,3.75
0x1502589518ef7030ff2335bca82c4e48bcbdbd14,3.75
0x2829d75963e0f9475c31e8dd014152b3ad2efc6b,3.75
0x14d94169d84187b015ea279391af7af585494876,3.75
0x14d44f9a442cc2aaa1cb6cff48aad71c2260d385,3.75
0xca1cbd87b41fdcd631b62dd9149ad47ff63b4019,3.75
0x8212032375f79eaf70068c7b4182f31c2af1f164,3.75
0x004db353a667ee98b7fd3363d90ce1d39dcb1569,3.75
0xc9ec73c15415d536f893de2da774c65474ac5af8,3.75
0x80d602bff51b5130d7161cf38a437eac582d15bb,3.75
0x13c7ee16ebd8a2f34df4d24af490cb35c2e726f8,3.75
0x13a1db3301fe0dd554aa4cd4fda4e27fa1f63bba,3.75
0x13a005cc99b9085c9a15c6bb667ba9167a82d10e,3.75
0x811fdfff475631c25fc2c2495b4d7e662b9c6988,3.75
0x81870dfd40809d070957f6d510f775fa1cc5df01,3.75
0xc99997b78d661279bafdbc8183e66a590e3b62b3,3.75
0x13195218ae80db69dab190858fc2b8f3e425cb16,3.75
0xf9a0da3d5b3abd683cbcca02ac2c81dc19c480e6,3.75
0xc4cac68f2ce80c328dabcfee4bebc48ca34b66e6,3.75
0xf6a7bb6bf45503e2c976a4d15b3d0a28d350d6a4,3.75
0x8baf524bc7a6430e1cd4c44d9a9bd67bb669f99d,3.75
0xc2978441f46a76c60e0cd59e986498b75a40572d,3.75
0xfcc85aa417a13c80d60560001210abed721a87f3,3.75
0x91dc31c856e427d30da18403f2de900ee574fedf,3.75
0x92052321709d7c64d22b28512b46bb07c69aea1d,3.75
0x92976a974d0744a615d9c2680444acb796038cf9,3.75
0x933707b556a6d32177db68600cd6f0e704b53fc1,3.75
0x9364f38294a38fa5962b382954748eea56d8d724,3.75
0xc148de6924002e1b3f73bda4734bb6050dfb84dc,3.75
0x93c22236cec86c4451bf266218f8ab6216d7866f,3.75
0x02c9016eacbf0487ac383123bc6d74316e9fc29f,3.75
0xc105b1478bd8d2a5aa21031737dd2f6c2b1f22de,3.75
0x94cb0168c37622e78f9b559259f943db53e027ac,3.75
0x94ef50afac9c04572813f36fb8d676eb400de278,3.75
0x94f76a10b64a7b324c0af6412c37df2ac4d25177,3.75
0x95bbdbf8c7e8d0527071e2d64ec68376de2c6d65,3.75
0x95df515077b7bfe200dc3f9c541f9563e19aa3af,3.75
0x017347cb75ac8725608e593ea35d83f9b2b3cfb8,3.75
0xc0336b14ca2249da78b8b45b14890e825e3125b1,3.75
0xc0130dc92ed0ad39207019bdc1272b71e5e3bfe1,3.75
0xbfc69d7a7e47ef6ee8b790010b85d525d9829756,3.75
0x9628af427a355671313028341b8dd43af8bb0034,3.75
0xb284f19ffa703daadf6745d3c655f309d17370a5,3.75
0xffc5fdcba6450d68948737299789ad6575143d4a,3.75
0xc29faf74bea5ba892dda8d6588338d159e1cc9e8,3.75
0xfc273140fdc4124ba9a8bb05e8d269816d623a31,3.75
0xbf39c365cc40d50d1a6666f79091abb72c676e58,3.75
0x9803692503f9e8ff7b67c45a70f4ff2c9aba509e,3.75
0x0b5e6603f02d4213dd890335d04716752ab60d07,3.75
0x8c4b4408e8b160191c739d4eeab0b4c4d36036ae,3.75
0x0b2eff77f2afe44b7ef70fb5365b9113e72ca06f,3.75
0xb39038389952d8af9a810a800e69c92a2a15f000,3.75
0xfa18da7e2db0802312bf47ed927ccffeeba4036a,3.75
0x98492afbc7a2f06fd92570701b469ca90288078c,3.75
0x0ad7f461593320eea05c310dac26ebf622ea1fce,3.75
0x8cc9a7baf358ad226704e0ca9cd4f4c7c7b767b9,3.75
0xfa89ec40699bbfd749c4eb6643dc2b22ff0e2aa6,3.75
0x0a45270d4f60f190f2d399cc52106ca7ab7bfc38,3.75
0x0a076baffdca4bfe692926b9e3e7a1466b929e6a,3.75
0x06a992201c2b6f496d6c901406a7fa88566547a8,3.75
0x8de7ca9753d5fafcbee95d402c662e1ccc41c546,3.75
0xc332f7d5bcc09ca423d88a3fc1b6694474a455ac,3.75
0x09564716e12eb2ca51f64d07d76aa88b7cdc0283,3.75
0x0944f42caa5e846943c0641d1a47ed7b81fc5325,3.75
0xfb0ac449c839a24def18badcffc0c8663887bb49,3.75
0x07e9ddcbeb02b121df864ede32e79e6d11fcd4cc,3.75
0xb064603fcc74d3ab721a065fe65f5e366a811af1,3.75
0x07d7ad96fd130c88ffb995078fc82c5701c55ce3,3.75
0x8f690bcf45c1b306ab54e75c43183c45bf305ee4,3.75
0xc2e00f8ebcb43dfa0c9d336c9f345f040c22ef9d,3.75
0xf6acec99bf2c28e302487f9f0b1a7148f9b6c9ed,3.75
0x7fb615fc9d0db8faaa8916883f6dfe089bbf72ab,3.75
0xb4c341ecef1fed15aa89ef991f11e4b38d59ca17,3.75
0xabf245cddbf7abb8b4ef6a1066581ce3c0605cd4,3.75
0xcfc266a8c22b2dddb01663c6f8dba34bd56f8eb6,3.75
0xdf9d1e52aab3fce46f238516539c9e87943c77d5,3.75
0x73bc3326cba9a38fec73e7180f59085a5d1619a9,3.75
0xac3588609f3b4bbabdacc7a4c79b3da8d50c954d,3.75
0x2095af4ee57d7d04cfc5736c46eaa584234875af,3.75
0x2082c5a3c08a4d5ade0ce779e24b463daa241646,3.75
0x2055e7e7e3a4c9f61250cd6f1ed11e7ba2dc7ae1,3.75
0xf117aeb3a34ba3af790b274979a68e6ffc394a30,3.75
0x200a416be6ccd9ddfb324966145a545085cfd244,3.75
0x9e6175554793faf335e400f4e3ed5b5d57595a7c,3.75
0xcead03574e4b930ee871bf8bb49922148a63a8e6,3.75
0x75392f6c6f0d8776a9a08baceaa26a362ee5a95d,3.75
0xf12b3feccfe1ef91014f293721d9050758d88401,3.75
0xb5e71297f0005e17d6ef634036a4c4fce21bead6,3.75
0xce69bee18184a94cf0a65d90d5ed2fa91adab11e,3.75
0x1edd97f3b90c5c63a800b8cdbed2cb6bbd1a06b7,3.75
0x1ed4447ebf072d4052263164e732af0e3930a709,3.75
0xbd66d837a0f034e88edea79f7b9d61ccdd6fb0cc,3.75
0x75462958b7583d29d6b1833449863e01dbf155ee,3.75
0xac9f48825c51f16125d03583376fb170e94e0a79,3.75
0xf1a9f5aeb0f975489ac2628a22040cf42e9fe8dd,3.75
0x1e4c628921d04ab9ea56e7144e3c1203abdafece,3.75
0x766f2304cd88f0ec67086e480e79fb8f6e76bde0,3.75
0x730aba725664974efb753ee72ca789541c733db4,3.75
0x21e62bcf27db45b8d5e4cd13ebe9f72e42c749ed,3.75
0x9dc5f9ba3a6c239ebc8b636098c5b990e9deb8c2,3.75
0x729d6a1b53ddc8b9e5f3bbac20a53dc7f6ab54d3,3.75
0x2806214ca8400ee7575ca4de0f9272d440e4f067,3.75
0xeecc9308d5080a8cb750b463f4fc86c10a8616c0,3.75
0x27ded67d88c0da8c6b0fb0f7c78d87926d71119a,3.75
0x278db415b3c969e789e1ec9e80e1e001a5dcee82,3.75
0x6d84148ade2c742fa06069313c1f3e6e037f0680,3.75
0xab186262909722a602a4b7b8cca67e02d6141968,3.75
0x270e171dc5a7a0f19cc4c0bc5ad7a0eeb5b8147d,3.75
0xb63347d5f92147e0517e7a21766256dfa8ce83a7,3.75
0x25b6837f0a5a9a4bfa1cbac3fd7af0fc5721b489,3.75
0xef2aa50b46d5f78a80fc96385275a8dfd82ead8c,3.75
0x6f15ddf0abd573986875ed740c1a94f5fef65205,3.75
0x6f3f44440680cad37c8ef621f1800664febc44e8,3.75
0x24db9ba37605ca846fbca0c38c01b45540bbc051,3.75
0xbcbe9b878543b9d4098497c67f1e95bc44a0b34c,3.75
0x6f9c8dcf20cd691a1f1944d28b3f63131f67ccb1,3.75
0x6fb33b9061f6079d320dcaf369b696874cfd496f,3.75
0x70e59e847317c24a42b80dbf69b0ef30063f5e33,3.75
0xef437a1d7aad9cd82770c4b148c9ee2d95fbdae5,3.75
0x2380ca49ed8e933c97905977763693e5cf8770f4,3.75
0x233613fe416654fb4a1290db2f6094e13f95e9dc,3.75
0xbcc951c95371c503d655af06f5902ac1e8f76308,3.75
0x71b40d56c0c97d37f515df6b37458d2f8551a765,3.75
0xabdfbabf4119c9763bff98f92fb10fa4bbb42722,3.75
0x7706abe0d94e08dd0375dc3d0e997d5680324e38,3.75
0x737537dfa6622054df4aa2e6bcae00f505f129af,3.75
0x19bb567ac0116876fc74f2f5512eaeec07ccf968,3.75
0xcce728f7d4392c474032ca84105f754b03db44f5,3.75
0xf50c0086c3248d710b43083ce7c7e13cd2dc85dd,3.75
0xf5ddce859d8e25fa0e72d8bc48e670a524ca63c0,3.75
0x1babe34619caa02618a8be08abd9fbdfcc93b41c,3.75
0x9b578c1696b30b85e36f36f679242d25283910e4,3.75
0x7d5daf74424f3abd47a3ee3392baf7c5f9b716ec,3.75
0xf36caeae1581cc20b4889d8b7933d2859500e239,3.75
0x9cacf7d433f9827f528291ec17de2cda4b87ef51,3.75
0x7d29879c2978320ee92a41fa3c4a60810d0b8bec,3.75
0xcbafdae054f24e2e6c4a3dc70e85db8b13b56ab4,3.75
0x1a3626d34aeda3d20279a602a5ffa9bea8e16950,3.75
0x7c27f71f0ee7e6095c5b72456e9106846fe2a9b7,3.75
0xcc3b2af633074ae159a16a0eda2753e7578262ec,3.75
0xf43f28a4f48522829695f540a7bb8da500350c1e,3.75
0x7b17df087859f731a2097fe040a1af3b70df3c95,3.75
0x7b23679a273208d76ae804ac0c083576a1924e41,3.75
0xad5e264826b4aa95e08cfe94cc184b198a41b4b8,3.75
0x7b94c956e3c7088058e83eb4794502135baf0f05,3.75
0x1bb42ee14895f93bbd377f2b2802b11b6ee40b9b,3.75
0x18333a87fb0e60a01864a3f9668124fa793951e7,3.75
0xad2a2d1d9695d54e15b5cb314540bef84d6260e3,3.75
0xcd3e840fba7fd5617a18b6ce9d39d2110491b837,3.75
0xcb5a84c0fbd65b8f00e5c9ccdfd0f14813b3e6c2,3.75
0x77394b0eb1274384f728e0dbaf5de53876aebbbd,3.75
0x1c7873aa5d063a7b8930f61a4fefe7d8d66d6c53,3.75
0x1721e4489fe2b2a9a8c95256028e7f3025c50569,3.75
0xf67cd0ea946bbe3a846df62341d822fdfdb8c6d9,3.75
0x1c7bc5daaf0a913d922839196c08cf1d7b74fb12,3.75
0xb56a4947a25be223e3dec9ecc53beb499d968901,3.75
0xb4f1986c168b578a3acb423532ee90be98a493da,3.75
0xf218b8a95de4df783ba34c4eb783b843cc544f77,3.75
0x796de99b02a6313d5ad081ac738f2466f8bd7db5,3.75
0x9dbd781eeba135ad2a779926880adc89196a3265,3.75
0x1d4335f58decba83d56897057a49fe3af72cf919,3.75
0xd084fecf9b8e435b971d3fd9244bf6e69b025146,3.0
0x6fb091dbadc9acbc1c36191088457d0076a7bf75,3.0
0x4a608698fdc658a8e329658835365ce1ebd33f52,3.0
0xcab4af915606304fabd7adee53acf501b1fe6372,3.0
0x92e23d20fac1e040b665242d3fef2540a14fbbd3,3.0
0xbcb09c175cbc49cbc63ba33e3136e23ca0da7b7d,3.0
0x9fd604d7e6630efe1162c2cef24f81b0e4b952ab,3.0
0x6dea06ea9ef4e71dec5c25d0198852f1020bf6a0,3.0
0x6ed4da50c616ad17bd704fdebe845eb227c062ed,3.0
0xa1324d1e94b9e660e33064afaa8961ae1d3edeb0,3.0
0x5ac62685527b0c6c4f3e8cf3a5049aa9e7bd5ba8,3.0
0xbf5f83f5749689c746f3be1184337caac9f74aa4,3.0
0x61796c9e31ffa87a92c13122879783aa90266232,3.0
0x4f3553aa0789cbfffa469758284190cd072163bc,3.0
0xdd4ba0505485bdecf9b6f1bb60609f1a23a2a970,3.0
0xce5de409ae461a16d17837a55ca245b7805b19cb,3.0
0xd5a72dba8002295d21f48eb2537cc24f40cfcdea,3.0
0x75640b1eb20e9473ad40fcb600b016eefcae2a7f,3.0
0x87326004a09f0dffc8de3da8e350f2d329187c94,3.0
0xcd2240907d3d48a4b6b2b73441f5b3a116d3400e,3.0
0x552916cc9ac51139554583c3b8e54dc597cfa70d,3.0
0x8be902e0873a2a8bf8a4218e75c7e2b4419d0d04,3.0
0x559c9c942a4bc08fb47db41963dadda5ac1857ad,3.0
0xd5329311ad1024e7eb2e7ed722bc22da23cda8ef,3.0
0xbaf40a2920c7eb7bd83a3a6b9221cec4c8bc3f2d,3.0
0xbe23f0369bb50d775aba4c63de665af656ef1d82,3.0
0x5f6d3d4f90ab31064e90046745f72e89eb38ff79,3.0
0xcf0639a8102d94ee7424e71c017379b99bc36893,3.0
0x856a5f9a8a29b4c9e0c95357b543ff3e9245bfba,3.0
0x5eefb88efdd45a125e3b61f5b1025b924b9b62ab,3.0
0xc842e13a5b20738f620e785180df75ed51157582,3.0
0x83e8708aba59195bbb2c7fcaa83af1c536d37b25,3.0
0xc325d977a913d8d551f819a362427220ac98a0f7,3.0
0xc305156ce43b804802d11a19ccee6905bf894321,3.0
0xc30100ec619d357517ad3383ffc660638ea6f1a9,3.0
0xdc0b3127a71367227311f02fe4dda2a6ccdbae78,3.0
0xd99c493f1b46634409681c9c510e9899ba8b2b99,3.0
0xc9e35d8bd07b964c30701f804814c20a20a30b0b,3.0
0xa3193ea326f1ea7d11f41c2e8b77acb070d93e7c,3.0
0x96b19a7cb74f91adff8168bc2b8cd295252c9360,3.0
0xe563b97d31c446844b302810ae828d471f33db2c,3.0
0xab6b85f795e1404fe5f86fbd6f645b98fccbbbfc,3.0
0x0a505358d7c0cb59225938759c9e1cd31f304256,3.0
0xe698d962deb6029151e1a9d60b81e655c7d6aa7c,3.0
0x2b4e6f23c0d78bb78806e1e0306a7625caf83abd,3.0
0x0c12479bcccb1023ddf9b18c904b13539c123dc4,3.0
0x2af37023a1bef8164781f1b941e8b7d9d2764766,3.0
0xa55c663836357cfc5240c7ac1dd0be46a712b269,3.0
0xaaeba87603303cf0b1e6d462153dcb7e4e5a5383,3.0
0x26c4fd1fc503cee8f91734453ec5ae23b6422144,3.0
0x12cd82e32c7510210193d350ba6cfc6e3dca4d1b,3.0
0xa99769374167111a2bbe790cac9e34ee95a33f1c,3.0
0xf6fc49e126126f11dd795b5de15d3faf2bfe5af3,3.0
0x20ac3cbf53483d9ee591c033942d841f78a70ac2,3.0
0x434c27cf23662da893345d6314d4cd25b8360712,3.0
0x42ac2b9747cd18bae5ee53043995bf6ef39f4f67,3.0
0xe1e4e24742534e76bb2c8cd939679645e28b4b7f,3.0
0x18eb2e1f8efcfcb092b700aea3324f00fdba08ee,3.0
0xb5955524e2b88e078751130e3978c12fff9f1dca,3.0
0xf1ac61b271f82b2e51bf0449e2e87a91815a59e2,3.0
0xa9a8fdc2945b781a54ebd6663b4c785a0ebbd867,3.0
0xad1e365152589d3501340af5c004bfa1ef0d724a,3.0
0x33932ad6e2501590d47bf768e24640fcde4ad8d5,3.0
0xe031e226e642c23af9eeeed18d5ff3037d4c18da,3.0
0x46fa4433dbf61dd811bad56939bc52509b6ad00f,3.0
0xff4024539438aa55d6536085073444580e8d43fa,3.0
0x470b1036f77a4aace5ba18bdbdac204de886ffa2,3.0
0xd532962fd7976880fdff92db9cbe48a7369b1fc0,2.25
0xac03de9b242d9d9b9b05d30cc47b7d5f288478fe,2.25
0xf10fbce641c53e823fafa574c7f08ac2ebad2b84,2.25
0x34b98189c89f03cdfa8800dbdacb2de1f4132f0a,2.25
0xac3870bca69b1d5cf94ac4413c2dedec3ee46ff1,2.25
0x34a05358d95a4728c1a7afacf6987bf58e12bef5,2.25
0xd688a29c6c357269a1a967366fd83d87b59f0998,2.25
0x72c331a3b6f505d4bbe275191ce52eb73c3ebe7f,2.25
0x727f49e0346d6add9aa7814e97a92d0151a1c392,2.25
0xab78d43a4a87c21e078a7b6c066a2464a63a2979,2.25
0x71b1d368431afce6a1add86cae163813547d64d0,2.25
0xa88e16dda11147fe07a97c630cf64e94d42434ca,2.25
0x5f797ca3118cc8e3383b9425c7837ddb81a80ccc,2.25
0xcf0dabed9ce2d973e5208acd001480c37ac92922,2.25
0x6eaa184bafe79b7e5dcbc432e85947c99b7402c5,2.25
0x5eba7b3966fa048ef4a029e13ef11d054cae1b12,2.25
0x74f624126537edf06ea879cbf0a8690129220667,2.25
0x1ff76d30df1a640044ebbb09a775afc6f5ee533d,2.25
0x1fa8be9e437f92fa4dac698306f4a0c4f287bbdf,2.25
0xac6caad9c84717d7a14607597e7c222668b34ae4,2.25
0x1ea7796c6d008ce8439c79de476b237f475336db,2.25
0x7588a6cd8d70ecf35a005ae6334c2de1e967b6d6,2.25
0x75f48c92dd6f981f091b2858181075fe529626e3,2.25
0xd6a519ed7ed59d2eb1d2e3c1dad4559b50707ed2,2.25
0x1e3005bd8281148f1b00bdcc94e8d0cd9da242c2,2.25
0x1dc78daa56e0e2be1edfe5e38f602290809c4c0e,2.25
0x772d480fca2f4a31d60171fa74af412779d0027c,2.25
0xf1d2eaaa8d87562b24445efbbecc83793e45c9c1,2.25
0xcdec48a99164d9231ca941801705b31f375da870,2.25
0x6f051dbc0f7e919681fbb732124bd52780bcea3f,2.25
0x6e28aaa9e0324c53537032ae04470457378c0bb8,2.25
0xd09fad25d3a466294cdf14805386f9c51d8ac6d4,2.25
0x2b333ae41632c0266ae275e811bb5eeb3f21fd03,2.25
0x64ff257d292d66be0b5ab173b122f88308bc1b45,2.25
0x3141d7b88d0f6588a0629c03b32a4e35dcee9f27,2.25
0x2fb2c1f8e51f46de0e423c086fd4fa35b0510b06,2.25
0x317fdbf289a41435df30efcb00015f95b1eaddfe,2.25
0x2f2d8d26a2eb43b37000c3b0dd565705d19b4833,2.25
0xed74e8ce17f2dff13d801583c70f5e9a1ace5d6d,2.25
0x6669eaa1cee9520dcce64b73a71a32cca1d10557,2.25
0x2e9101e00d72d842485b5a579e92c2ba78b03714,2.25
0xd4acf2de50322edaf00c9452ea6a92479f45d82e,2.25
0xd5772ff71ef0cede1e6d62c51494faf7bea09236,2.25
0x3310fd13c6c55f054cc128439e1e51cd0cb16fed,2.25
0x2d79f27de1a358ca90804838a29df2a65e35ea68,2.25
0x2d3162890e0a81bb0f4a1f65e8878d20853f6216,2.25
0xd5d4aafb3b2217607e5b5b5526eb6932f8df130f,2.25
0x331cc2e56c657126f7a986419040838cf446eb93,2.25
0xeb4c5c24468c3e666d01257b76a73326411b7928,2.25
0xbc765a94f1278dbd26886d879586e0a027456287,2.25
0x2afbdf31aae1f867a41fee55e3573e3f136abd80,2.25
0x2ae31abf71ce95a10d3a9eec7bd68745bed56160,2.25
0x9f8c1ed0334b06d62d04e6bfe4c8a3adb2e15ad4,2.25
0xcdbe342e5d0302166c0d389acd85b17406ce7af9,2.25
0x29250533fd05711a91da81a41410afac90a45ecc,2.25
0xaa8db39b270d7e47be495f4f498dd504b0ad2eec,2.25
0x290b3ee97af8fc97689be22737414ea45d359280,2.25
0x6c3918364a8612d79d3d25bb4a4ac54ea9099e0b,2.25
0x6c5c05300d35ca4c7bbcc8b53227ed8ade03695f,2.25
0x9f558ff9237242fd67b7aa42c162705f6c00db93,2.25
0x6143dbe497102871060d02e651b2ea3bdf0c1071,2.25
0x6da432f786cc7ed871b5571bfc192e8e4b37c7bb,2.25
0x33374f51da0f1a988e5e900609b08bb993cf18a6,2.25
0x483d0fda5f82e4e5759f99869c2b5b862eeb6f1b,2.25
0x1b901d35daeea11793269370827ef02f77890006,2.25
0x78283658432668c17acc5e4ecf7a4f68c3db310f,2.25
0xbe6f5437c3c73fa238628fb5da61a1a07ea0e8f5,2.25
0x05ab95c10e39a6b676222343d645a4a324569247,2.25
0xb29d856bfeeb26997bc2db562c2beeda567589b1,2.25
0x07646c79de3c4451bf73b322b199b9977cc0cd8d,2.25
0xfb8486c3aa04ad5faccd39206f22c18aa58a559d,2.25
0xbec3d1d7547446eeaf0e2056b084ceead2708c3b,2.25
0x8e65a39bdf30dc62f07946cda713261fe876c722,2.25
0xfab38cfb7aedb464f86ea7ad464b0bdd69c2f864,2.25
0xc45a5d0b1e9a78b26be34a3fc73b80ad756f6154,2.25
0x1cba5cd08a28f1c4c6fd463921a64a437a8f5905,2.25
0xafadaf45b9ffcc53d77cbbcbfc5b74022280342b,2.25
0xaf5865995774b70fd62985c25e4761c6bd82068c,2.25
0xb3b6caaaa37bf22b7be4db62ceeef8299d4ca17f,2.25
0xb3b9806b726914a4b5f58d1f36e5de44cf4c64ea,2.25
0x0d1d74535bcabda2da2cff5a53c2b899901d423b,2.25
0xc585a04243f676b2de9516990d7a9a122b917b17,2.25
0x89c7b2396a86a306e8a3cc77047ebcbb9ba3624a,2.25
0xc27c64cde3635a30035817cc86b10d0104eb405e,2.25
0xb0e7cd3f8195e09cc2a2ec19a5fa1b0aa7c5210b,2.25
0xc1bb0cb51ff3083f7a48fc05ddf11f6067c8e51d,2.25
0x91a6fddc722fd18962cbe17f140c15e095cf82ec,2.25
0x9631d389a1fa14996d93d3bd1948a4e844eecad7,2.25
0xc05777d980ac1e138bb4c74ab72a64375814769e,2.25
0x0184bdda215c5911e3dffe1700e024ed4df124d9,2.25
0x951f8ad40e8a997240850e608221a556eabd2f1f,2.25
0x9516d0145ed67839646acddbdd344e6708130c15,2.25
0x94910b6020f141c39f094ada8b65f30e690802e1,2.25
0x02bbf6e30ef9d2976e75e3a9948b2886cbdb264a,2.25
0xc10eafe6e795e92b636076243861bd2fb82fa505,2.25
0x02deb5ba5b8398817f31a667d7735fa560d5632c,2.25
0xb1540c097bcd82a84c752625d2c8bafa41e03a40,2.25
0x03ae3ab27b0f11959bd8ceadcb4e091391137a56,2.25
0xc1980a8cf3b17788e71e542e6eec73930cfa2910,2.25
0x96e7ddae75ef46fc571f0eb06152120f07dd402d,2.25
0x91fe148864c00036b0216c93250a079de9556c6c,2.25
0xb0fecb1a263249d966807889198ca9fc8c7ea3d1,2.25
0xc58c177007a621ca2bedbad705e27dbda97ae74b,2.25
0x8869c76812b82bb5364bf3edd983a58b61247123,2.25
0x88375e632452eb2b0d4ef0ee9d869ec5f68ee611,2.25
0x164cdbc7a80be69f401a9aff8c07770e72c06ad5,2.25
0xf605cb97a855576fd68f5952bf5dfa4f48a5fd43,2.25
0x7d93c11e2c91ca35d0a9509a362133c3acbf4f9e,2.25
0x189b9ea8238551dce9023757f85670a41625f4fa,2.25
0xad9242795ad7fe630adda2b29ed39a4f4c4fd84b,2.25
0xcbd7d1e2dc9e80955bf25d2c01566c4eeac9e4c1,2.25
0x9c384c46edc114dac37450ddc5570aa436cf689c,2.25
0xf4ca4fc6efedb972056e4d2707848b3c5657ce5d,2.25
0xf4bdc18c46f742d1f48b84c889371f080cfd709c,2.25
0x19a7b06c4d2824222fef722215596772a3d8a5c9,2.25
0x7a574bf1765eb7a989a5184682d3433369a58df6,2.25
0x5e016512a29a35cfc48db5db32daec6b53aef5e6,2.25
0xf30ad3fe0b5902f55e0354fc496d98316c244cd2,2.25
0x79090e5fa2e64ddb07d55c5a8e5ff854766ed290,2.25
0x78fc0b14c1723e76ae34413b6d77b995b123958a,2.25
0x789f448e51d6b0e99fed8febd67f0c91663ddf5b,2.25
0x7e4133255a9b798a414f841ade5e90d6fc644217,2.25
0x140a3b9ca50d6378e76f8d85191f873dcc8a0a6e,2.25
0xf8db9ecd701bb77b0e88830437b34122a5b705a6,2.25
0xf807ae2eff3327eb25d216df32c53c5e83a3ee2d,2.25
0x0f3ed7a3519dc3b3f4a80d0922c300875a527a60,2.25
0xf8c88df332628485c3a5ad84eb241c10588132b5,2.25
0x0ff0116726e38e909b845a4e25e4c888b5ceb669,2.25
0x100970e0d53f2e5d4afe3fc3a611a78c8728dd65,2.25
0x863b8fa4d416b09ea51dc81bfe9e2978126438ba,2.25
0x860e90102449ddb94b8a7d070f2242aa03d3a1ba,2.25
0x9900c783e194e69473f91c83b6b484ff927dc709,2.25
0x99f5e9c7e4611375020accf4466bede0a28f4f73,2.25
0x10e576c461c939a1bf33bab19e03ce9eeb71e3ab,2.25
0xf85e39086b3437a7515bcf814a629db1620f5e53,2.25
0x83082acd5ab84aa97b058aca08d3f475fa2448dd,2.25
0x82f817c9955645b40617fa5626fac3b05bfad2a2,2.25
0xc8ac85879a9b7d68ff7255a6700cb0652720a687,2.25
0x82456ad656fff6288e0c118ad7c0f9823912243f,2.25
0x133a933c9c1ac2295c37f5bd13ccfde110df36e6,2.25
0x35e3d6d2ac6fe608bce085709871b9e2a85b8ff0,2.25
0x4af6bd3d3856ea85d2a0b28c91c5901d8c168a1d,2.25
0x5329a0fe7f6e5a25dce205c176928647f1168b85,2.25
0xe17e038559580f0ac673321d07471af5acb94ef2,2.25
0x96aaedc5d11c7b8e576e7ea9011bc21765c163f9,2.25
0x41f0ae7750db8280439473a81ddb6f3aa4a15112,2.25
0xa49d8371ab069150fcd93d04630b451db7aaefae,2.25
0xa4542c5359a52e58a849076eae074ce42aaabddf,2.25
0x5c679e69cca6b3fc7702123a9735ed0495a23cd3,2.25
0x5c43b1ed97e52d009611d89b74fa829fe4ac56b1,2.25
0x46bae1972c869527c8b8fa5b92fb747d7d51fd42,2.25
0x3ba351aa75e3ee30ececb0e6e4df83cb55889061,2.25
0x51215580026286d8d9635e6e65b5ddd6bcfe4c4f,2.25
0x59faceb8ff9445953ebda79550dc414c45511fa5,2.25
0x4b018431ecfb9d6fd73ddc23cdafffdba8d672dd,2.25
0x4f3ce4e2735406ad01f0f8430dde7418a7b03264,2.25
0x4faff7113cebd8182dfd4b96606a46f01dca29fe,2.25
0xe56a6bca9fdc1aff667f44f7f92e1a90d4258359,2.25
0x4a7fe945453eda4a63409545948cd51a6db7be17,2.25
0x39d26136bd9b2024d2ef03cbe8fb5f0dde4d7292,2.25
0x465d06aa6b0dcd4f2d9a38d14b20a042b92efbc0,2.25
0xdc702604a1bd2372333a445bd4cf571e2d050231,2.25
0xa7fb80b759ea191c19720f531398663b298455fd,2.25
0x3bbb4418c0a4d89bcb10042091c19d730e7e8ed7,2.25
0xd7e53b35a429be82078c39689e5b2a4766054c3d,2.25
0x5aab09d0f48d23c8808ed611c15558653fb190d5,2.25
0xe690246b2d5ea702c7bef844f8e5dd73694405ca,2.25
0x4e2da5a0f339bbb8044911289db6fc856b96ceb8,2.25
0xe81fc71a35c961efca4b475561049f3a3fc82a4f,2.25
0xa23116132bdcea6fd70ae1d40beb152fa1fa825c,2.25
0x559d92d2bf798c4310e5b71001b6351c3c96005c,2.25
0xe24ed64192733544b6a94c67ee119acd89cf897d,2.25
0x5d4a69725c6b06452860555c80585d4ad248abaa,2.25
0xe79e09ffa6ac702d15c8bb71b136df55997c4a69,2.25
0xa85a4d93bdff07a25fd6d440b9fbb0c4d20ad88c,2.25
0x5801b3b48dc3a5e821deb7f49fbffae974ee7d88,2.25
0xba0b03b7b0be541d3645f689b746f4f7bce93c38,2.25
0x478373c84b6a9a581e50111ec3a368cc3f57258c,2.25
0x4d34ea35bae4ad0b005468c8c9255b67bb35b74f,2.25
0x4ade8788df77fd69e0a5e63399a5b159a7b56a4d,2.25
0x8342e0f981fe5abfac8c2b01e9ba91a4256c26ba,1.5
0x8333150e6462716f7307760a6c46b258f144004f,1.5
0x116fde83f84a17266eb71f54e32737d7aa0d5aa7,1.5
0xaecb5db31faa1ba3a242c51c18539f746bf1576d,1.5
0xaeaf879e6b2becb46e173dc96888276800c74119,1.5
0xa57876de5e9a0c58751b51f704cf2db517788a6d,1.5
0x82d1883ca96e57773429e785f195e32783b1c246,1.5
0x84bc28d072839b58b358c789aee5fe3b39b9b5f2,1.5
0x11e17b23e9142a43fe108291d6373f1f51269f0a,1.5
0x121d21b982766dba70f9d548fdad03cd49cd48cf,1.5
0xa57a937357c444be408a634780c6ef1eb170a92b,1.5
0xdd5e27469006752e1ecd52d5192f0a6842c98adf,1.5
0x9a3358cb39bde6ac2a6cf0a6f424fcf44c08d7d6,1.5
0x45a5c8a2ea84f48537a74e2e8f96790c90a0046c,1.5
0x0e9161626cbc5ea98f2a06c69e2bf100fe41a907,1.5
0xa5343d151fc822ff8e7ff5db0930e994356b0372,1.5
0x4e1a3895bd8cace0764c161f3b11feaf58ac4f00,1.5
0x87622f95f1041343ea547e9c9d360c49283a5eed,1.5
0xf8d4454b0a7544b3c13816acd76b93bc94b5d977,1.5
0x87395739ba3cf0aebdc707fc2b0e67495232500a,1.5
0xb98f41ed3e27871e8520e9c73b3c8984aaaf6434,1.5
0x98f52ec8358feccc1fe1cbaaa8199ddd4bc0c118,1.5
0x0fee6702a1c224d44ea1b332f5c955d7272a3413,1.5
0x4ea1577b6c155a588a6c18767e6faaef51091ac2,1.5
0x854fcd207ac16350d92411c772bbe5e739f9496a,1.5
0x8668dd808d0dc6b3b0875f5e0547014e904b3eff,1.5
0xc688c84066b74ea5999131cce1ccc30597dc6f9c,1.5
0x863e7aaded2b90a08802d362b7fbf228b65c5bc9,1.5
0x501919e4e92f9e8fe25530236dc94da101636286,1.5
0x1058559f1c73c80337fe8a5776b43d777d2a3fd7,1.5
0x10a07ccca27c23f22fa1a84629b65ef11452069e,1.5
0x10c7f2b4741f5686a42c9fb2002e9e50ca508278,1.5
0x10d6526f3112031abaa1abb48ddf28690458346d,1.5
0x45328d856fa2e3694de5896157214e6a418fa217,1.5
0x44b256e1126f0bbb54afdaf6fbae998520a07063,1.5
0x13c8269a52b37321a6526c3577177fc4e820fa46,1.5
0x823dc685e777a7523954388fa7933da770f49d42,1.5
0xcb260dda16d54b361c892ffa407303802800ef01,1.5
0xb590324addc8dad76241e25caedb89b8ab9f67c6,1.5
0xf5c18cdfc22fe288c452e7735fc17f4868c14b3d,1.5
0x422bcc115c6054d7d17fa4d648f0173546f09eca,1.5
0xf56562a7e747d58e31e9a1043d47ecbe4876c6dd,1.5
0xf54f5c8e97500212db47acc94cad99b58449fd03,1.5
0xcbc26ec2e214498ce08b7765e10a074b0b69444c,1.5
0x9beb6829c7a83ac1c10bcec909dae125e5a01a61,1.5
0xdc3c87699e24c13be52bd3cc961d1b28becb2cdc,1.5
0xe2004359b8b43433adb47339559dc1db2607912c,1.5
0x4116739a3e79e20d59b511d7530b5e84cb1da17d,1.5
0xa5f6d896e8b4d29ac6e5d8c4b26f8d2073ac90ae,1.5
0x1903d36da75a020aa216c515bfad0f20023bd276,1.5
0x7b56dce10a02f7d680abbcdf5004ed43dc657965,1.5
0x40f5d2a5c697c530f349a3883b58add4bd2e25c4,1.5
0x7b1d5b018f6ac057b07de5313acba17a98d740cd,1.5
0x195cb6b3d49f95e5419892c1c99af8eb9f728ebd,1.5
0xa5fd5fc63406b8fbc6d7da7765a4d5b3bd9f73e9,1.5
0x7ac73c30f0cf53601aca51b241623ac90d91dabb,1.5
0x7abc25c069c8194e6b501782c57904a8ed940a57,1.5
0x19abc7095c90b0a0198100bd1c3471161cb5e93a,1.5
0xbd58474e8304897cff14fefd2bfe6e1642034ab5,1.5
0x438b2b4053221ff10c107b5c7187c2a0f25d28cc,1.5
0xcb17c8e39ec71ec7d9d0738275eb0963a9abc680,1.5
0x12af330878986344871282c825969a01a6280865,1.5
0x7e181f24514fd0cec7593c8eb935bdd7d39f538e,1.5
0x82273e8dd7125a17e65d4d15b43b881957e07a48,1.5
0x821bfeb77bd9ea82dbe0019ffa980eebc72dd54b,1.5
0xe0e4ba0030fb1a7675666747dd1343efb8a032f0,1.5
0x5061d9c174636098b9e3885a52119ea185ee82be,1.5
0xa58183a3060436f5db4aba6d3f183753e89bb700,1.5
0x814436b0079c03d815a2758c0a777066a411cae2,1.5
0x1398f47f3cc02df688ae2d1469ca08a71ac1a62c,1.5
0x888e44eccad0dbc2afa7a7f4b1a65e14fc9cd561,1.5
0xe13970975cbf2bbf5fadafe8eb63b3494a12e884,1.5
0xf777cf5352a23d96f8742b57ce76701ebcd07005,1.5
0xf7234ba02466b86b6675f64e0e6d8db100be460f,1.5
0x7f3d1132983122f90bb82207c0f877c992e443af,1.5
0x1560026c2b8286c32173a24fa922d64a365a475c,1.5
0xbd7f3858dbd797743bc1efd42db2f2b4836fd72a,1.5
0x7efb820ec29ea7187f1ceb51ec9265d3c2aae8c4,1.5
0x15b090622d4e8aa53e59db497849acb6fe72a9b7,1.5
0x9b0388b50ecefb4dbe3e7497493560894ec10b4f,1.5
0x167466b14b91dfddf76f62bec355484d9473d5e6,1.5
0x1686694fadb00f686e2eb627fd2986e3bea1deee,1.5
0x7e37d247fbdb062f1bfd8d16cf308e781d3c8300,1.5
0xf6810da944fec76320de595ff0941691c976f441,1.5
0x888c3732de1618cb8544d7d5445b8c58c131541e,1.5
0x0cd0022232ce461e7fad363eaf278f2b63fc66e8,1.5
0x0da86ee66865530e9c362949a58a1592a3795b59,1.5
0xb9f1a8655604aa822a5cb2a7faddd0260d825bf8,1.5
0x934632319f5e60ba25680eeb152fb12ebc410441,1.5
0xb2964ec9c2deed153e39910ef3637fa940b9baba,1.5
0xbf886208613921d17fa942336a33f5528ea30de9,1.5
0x0430b3cb45e5fb3084a35ac705edbf037b91e6f9,1.5
0xfd2b80196ba90995515d0f752d26405546021b5c,1.5
0x0452abd16063dd49d4c71bbeabaf84fb82483f5c,1.5
0xdf14100b76a5b5fd46fba22b7ac124919cffc92a,1.5
0xfd0d084154fc62768276dacea92f9dda24ba9e3a,1.5
0xdf0a94842b9c61cd6fde7674959e7310fa37faaa,1.5
0xbf792fce3da94617be394664a36b7538de1f4aaf,1.5
0xc165c5f328e2515f56efff81264d5b6c719281d9,1.5
0x917314c1abfd6c58962c97434bd56119819d53eb,1.5
0x915c4e0922f95e569e94a52d6f04ae1e4a79ca26,1.5
0x915914a032dab68588724218c978f47b8874a1af,1.5
0xc23fe08d5bb9a3405033e970b5f87f3e67c031e8,1.5
0xdeeba212b56427ddbd2d2a1c74d49aa75cbccbbe,1.5
0xfc84f9ce5a0ba010344d690f849988fa033031a5,1.5
0xdedb2a3ec68a52931c069298943df427533e5461,1.5
0x4bb8e7de91fb1d14a75a1dd1c446395c9c6ea54c,1.5
0x063a48f3b73957b6d0640352525eae313d4426c3,1.5
0xa4e8a6b72315bacb5048dbbd9bfc909c1333221c,1.5
0xdf4179f6039dcd3a4bb69c1c6d2efc99979c9627,1.5
0xb2f2f77a7f7cf2da65611e69215e9d8d702aa881,1.5
0xc097c9040be2ec999feacf744d174d414ddf0ec9,1.5
0xdfa0ce283241a1fd447ac92b414d85240058327d,1.5
0x962940c849c356ed8b5b75917ddf520b813f4e36,1.5
0xb1bd81a1c3a0911c7422ab448d963902d99ed86f,1.5
0x01489cebefc223468e22a6203274e1fbad1e8660,1.5
0xb179df6fe1411aa0efaf47c9f4f93137aa51fc88,1.5
0xdfccb1776122b01fc9d8487aee6342f425fa6c1d,1.5
0x480f46622835baac683270167992832cdfa99cef,1.5
0x47a66d8d725330a366dcba832e5326591c31e010,1.5
0x95ac8d067e3501063fa95f17758da79d4caac37f,1.5
0x954dbc7c73721562093562b908e66cc69fd02f2d,1.5
0xc13ce81feab5fc3d0fc636e1d6c0405010381e5f,1.5
0xff36381d5db2ec915a535e1a30891b080b84480f,1.5
0x496b462758295c7cb7524ec041d83a252fc39549,1.5
0xff267073c24974b2ae033e5459c7a5ef9b2550f7,1.5
0xb165b3777e335dfb90eb07ab0f52d61b8cee1a0d,1.5
0x94cb222c998df0e527c1259955714a5df23613cd,1.5
0x023192b16a986dc4e5cb76c1ec2f4d2de4d08462,1.5
0x94b6de83a70106740ddada5b307c4b3c72a77bf1,1.5
0xc0e46a7804c00525423c17a74430087170a5ffc3,1.5
0x49dd2aef2d93ab30b674e9f380ad781f820872a4,1.5
0x06864d3a55083a9125c7add58d27210bcf2081c4,1.5
0x8fefbe300311a6b150a3442e8d0ffd1c89ee1cca,1.5
0x89179bd504e72f353e965aa0fdb51727c9a6a499,1.5
0xa3be905aca6d656005075b838f882933f0230f8e,1.5
0x0b4f089dcf3ec4b6521f1c7b157b05669d53cc3e,1.5
0x0b7576a64a0f4b4924d55ed328ede4979446521b,1.5
0x0bbf002ee93367beaa06771b8a27cc40ff92a9e9,1.5
0x4cb9f9e4f1878626edd77cafcdcbccb52aad2b04,1.5
0x8b56e84623d7cb650f9863c9aa5cd1ffae3d62bc,1.5
0x98b2c492bd2c170db20790293f8668f44c85d98c,1.5
0x0bcb860ea4e0bb5aea198b3a4172c40bb451dbc5,1.5
0x46282a19f843e50faac7ec6a1195c323484aaf2a,1.5
0xf9663df170979ac64f5806b101c894a1a8f683bd,1.5
0xf425d630dab8e657ca75c917873c58ce049aba19,1.5
0x8c3b9b5ac2d68a4bb63c640bd03cdbe1b418387a,1.5
0xc5722dfabde9b414f61f3845660d509952283eef,1.5
0x0d5bea58a50a9e13e8d4afe8ddfb08f25335a401,1.5
0x4615efa7e583a40908757e51b5c627742f9b3020,1.5
0x89c3eb9b378ca8ec89504ed2934a237de540ac83,1.5
0xf8efa4a66f933343d21885a3ace47ee5cb893e36,1.5
0x89845eca38dcf6e67fd5026b371bae399d6a13d9,1.5
0x4dccf24405061deb86ed082316d7198f3da574f9,1.5
0x89590d739de5c524f496ec257bd6100e55a047d7,1.5
0xc59af5b5730fd0d7541af26d5e7f9dd13a514947,1.5
0x8c150d49016a53eac058f0669108e0d4f0674d47,1.5
0x8c449ff7640d67e003faf3d7082328ca1851bf51,1.5
0x4bc8a0a44395dfa4db2aceeced2d675d253a63ae,1.5
0x8e5c97c736d5a11c736e6cdfdf334717110615d8,1.5
0x07b2cfb7674876fb34eeed3248e99bc63d238f91,1.5
0x4bcbbf03455c000a3cc10ca801866cf624426ada,1.5
0x467908599fa5405c5ad8003758dcfbf64fa9aca7,1.5
0x0817cfa1880f51b40404bc557b9d2efe5712d30c,1.5
0xfb1dc0c70ee5ab258a3e2cc4887a914c23ea33df,1.5
0xfb1369548e5b8768ca2c3ada0556606bd7d8b615,1.5
0x08561107be23baf1d3feb5ba7025eda345f30af8,1.5
0xc32b96f4cb4ff2d282f68e0e2f45a0631502a53c,1.5
0xa3e7080600ed0af1ba6098cee1b012f8bcddcf4b,1.5
0xc39ab99decb5b29cdce5911b32788378b6305f74,1.5
0xde70bdf7dfe13614d281716813274380a59e3e5d,1.5
0x09e39bf142a77008a63b13bd0789768559390655,1.5
0x0a263623d75eaaae19c82a29f00ae97b9ad6e390,1.5
0x4c5278613b28ef974c6c1762fd91b295da6f569a,1.5
0x0a526b6089ce249f24e4cb6edc5e748fc3be8752,1.5
0xc452fd15b1b10781d50b27f502f686d64ba37dfb,1.5
0xfa84ee7e30a6780719876ec5d8a9640f0263979c,1.5
0x8cd79eec7d76f2a006baef9c09394acdb7aeca05,1.5
0xfa7e37776ac55f1e687550936ace73441aa9e869,1.5
0xde8422d44db6dc6aafac627b6745eea589d32a06,1.5
0x9c9feeb6f792c79f813f1959e6daf0e9afbfd3c6,1.5
0x374a99d809928d2e230e66c1cb985a1ed7032a07,1.5
0x57bbcb3da0b6983bde4bd8b9c605ebc65fb3b06f,1.5
0x2a393a7f50339bf11f42ce332f41148d467ea1ad,1.5
0x6ac5d1b463d7958b723723a7fd6c63bf2891dbef,1.5
0xaa5c822b381af1d544e3a96cfef1f103c315907e,1.5
0x2ac3b7ff7ce4b9e67e73b7a330bf1b8e944a1ac5,1.5
0xd25b1001d4546630c617123453b30c34daad15c5,1.5
0x6a647afda30bfc231b9f7f14013b94474df72101,1.5
0xbb9a59009b299c1a0f341579744cbeb223a29703,1.5
0xe63fa6524fa2d252cc3b46fdb4839900bfbfbb49,1.5
0x69e0273ce32055a7814d5a55beeeadcc38f9e4b8,1.5
0xee38297ed7c0e96849ec8581128033f99f48650d,1.5
0xd26593e8a99999d418bc58d7c77ca10611731162,1.5
0x2b2894d4d1e0233fdda02246371b9e37bb18e10d,1.5
0x59e30d533274711f8e806cd3c98302d0abc43388,1.5
0x2b71add9fc43c7b1b769afa06f612edad51b1ceb,1.5
0xee1be814792b167982c4cbff6c3251c2b0f00e4c,1.5
0x681d1fd70df4c610afdfed3ea83ce10df8437b08,1.5
0xedb8da4f96b2b336b07edb6a858d36f48ab046a2,1.5
0x67ee6d8c42ae65985361a55bed0164187bd75ea1,1.5
0x67aab4a1819ab971dd3744764e57092fbfffaf7b,1.5
0xa02cd5deb42cb41d6249dd0ace30434ad8280b9a,1.5
0xd435aa3217020db4b9fa3a6ddd7edaadee9cadca,1.5
0x2e05811f7ce08e5c8a0f59a9dea99c3d097d5847,1.5
0x3b5fefd98052abfde582ddb2fdb7fbd4b97fbfda,1.5
0x6b8102aab4199b14268f84c43af106ca3c6fa880,1.5
0x5aad57fb43b957adac8a3bdc3da3e53a009c284c,1.5
0x294c0e460f922224e2eb4451e870c1d828223413,1.5
0x6f14a2b874e48bdbd7c21188b8e61571c6dde18e,1.5
0xa77a9d2babaf18dc98d397590fdb92dcb42c2263,1.5
0x25a20364ace96557b2a8107ad87438d553550cc3,1.5
0x6ecafcc3e08f94c8bef48bc514e460a5d2a1962e,1.5
0xe40f0c736e67f4f8b66443a5975e5e4168fdd606,1.5
0xb597b202294dd5a4a616fcc2f178588bfc6d2c16,1.5
0xd0bc039a9980e591a0849642d1fb953c16e6e562,1.5
0x57d910d1c9c3d48e3d2381ab18ddb1f0da79a7b2,1.5
0xd0f2a12ab52c83ffe5bc419a963ef2e3f4f25d08,1.5
0x9f275dfd5b45daa1e2bb3612cb7df9f881ba669e,1.5
0xe4bb6f84e5353ce688955d1a17a6a3e3f4cc1106,1.5
0x6dc56143a3bedd605ead41df0c6a5a1801c6da1e,1.5
0x274b5e1c7257f1092402c2d2ffb987010a48496d,1.5
0x27bb84a50967e1a597ab1a35dcf3955d44e35a1d,1.5
0xd17579ecff58c528c4aa64db58e8a829b1c111cd,1.5
0x28f2eabfe4bb2b93505773f3245550714ffdf485,1.5
0xbb9636200a6efe91161334628caa7c13e4c8cc81,1.5
0x582a0a57a3ba31c421768de61241062aa8aec8f2,1.5
0xda8ad5862d0ea0b41d2e3acd04f783ee8bf80cd0,1.5
0x6c17a978c08d4c49ca462500fde9adbecbbbcbb8,1.5
0x58bf76149a39ea35857c5730c629bf56b09e66d4,1.5
0x67118361f02ad5d563c0b98ad6f02370e1a14ad6,1.5
0x66b1c49bd6ec2835e7df7c193d358c2715e0773a,1.5
0x24eb16a94ea52ebdff84ae6a9a118b3c204c9c9f,1.5
0xa09b29f6ed7793cb2dc4709061bad5fd69951e71,1.5
0x61cd67a69561221ba2980f0598898cf8c12a811a,1.5
0x5c6d04713f78b254439e4d381735ff2beffb7978,1.5
0x38d42486f6c9803ae840fadae692e9fa42f19a2d,1.5
0x5cde4ece6adb6fb145f392888240ad2fae12a5d0,1.5
0x38a89bb503081b0b03bd60dad0f69b3bd804bcec,1.5
0x33a1076f7d16e34ec397ed62e47fccc017565fb0,1.5
0xd60b7748d26d7d826d22e7cd32eae7b2ab681360,1.5
0x38756053eebc2461bbae738e285c54983dd03b76,1.5
0x5f94d32058fc8067018e94e508ef48c1135e53fd,1.5
0x5d714b9db04ef1865a5a141cd4f23e1a7978338b,1.5
0xe93c904f655183105fcb81ecd001a346892964fd,1.5
0xd633b7afe21c5259922a37a2956eeb6e95c343f8,1.5
0x5f2ad28c8a0035faafc9bc8a5235b14ac52f03d1,1.5
0xe92c6bb587181aa7838c78a43aed9276c5b3a819,1.5
0x5ea01323bf26713419a5cec8ae9683225e04ca76,1.5
0xa17138c0675173b8ea506fb1b96fa754bc316cc2,1.5
0xe922a6df502bbec864cbf2e26b65189e18535d94,1.5
0x370ce44dfc5f1439a707173159da7c9218bdc0ba,1.5
0x5e03f371e9cf05458da6b97828015713fa38e64f,1.5
0x5e01722ae827162935874afdd434ce9afd3c8a35,1.5
0xd779e53330f1fff232670f19676561f8953a86dc,1.5
0xe9f63730d243bc6df5f5a109328b3f7cc0614d6d,1.5
0x6289b3263c26550883e2973065f7fe8cf8e22cad,1.5
0x668f386b1780a757fde264eaefd7877c263cae2c,1.5
0x62941f356d3970e8d664dec2c582ee2ec3805548,1.5
0x5abc9df7af8a7d41858d1f4c7e3692f0e6ff1367,1.5
0x2efa51e8e4c8c564cfa73e29171707c57244ce7a,1.5
0x3a47838a49dec741316b47a0d3be4af121d7d390,1.5
0xe6e478ba1645508e9e0d0a41b51d56ba055f8dc8,1.5
0xa809357b61fce10a9d88cd3429eab04532445ced,1.5
0xd8df73a77eb4049857e782b3d979be1d6421ec93,1.5
0x2fc03be6b15166103abf0e5da40e9b62659bd390,1.5
0x5b363d26df615bef2d588ab01f5e45243b45c097,1.5
0xd4ef48ab9c68a7b9bf8af539ec4c209a06c98fd0,1.5
0xec09ece5829a629a097b242a3ac7b4d6e858441d,1.5
0x304c2ba13a29c8c0a187841c866c29fde6cf6f39,1.5
0x3072f18b1b90d678e46a2c78b5e7c1ca17f9bda1,1.5
0xa17d2867eb7a615d376f0b58ef48b44febfee896,1.5
0xeb9b233fd68f7d3aaab71198981eeecf52ce8d33,1.5
0x64d2169a3f9cfa12ff46d8ae5d6fadc474cbbd91,1.5
0xeb0b14ac79cad857407d311f12860340393adc92,1.5
0x394853ea40ef9a4aa1e272d07bb39c5defcaccc5,1.5
0x5bd2f4f5c10caa02cf81d09cec13fb181d393e37,1.5
0xa93ee14e133ce344691ee7984162f5a191caf4bc,1.5
0x39317b24ca5bf020a6df2c332ad683a8a434c81a,1.5
0xd7e939a654160e11bee033cf621f388f5a12ebc2,1.5
0xef377af6c38c99ba903d6642b4f8e62e6630d4dc,1.5
0x6fe84ee8769ffba1eefa6e1f0f3e2cdf6bc09068,1.5
0x24d730b10592dc0ab6f0c71e5ddd4b18d4773a36,1.5
0x3d544464581a7008f2cadf4f2bb97b9ab4f38dcd,1.5
0x5424938f6c377962ae741649d051d4ca50a5a095,1.5
0xe34ed5ec2084dce50685a419812af97d6f0c9c78,1.5
0x3db48001b8ac12a0994130b4f4bffb6d864fc827,1.5
0x7716f965478d9ff70a9a99b85f4cf7f7f0943ca5,1.5
0x1de0aaad787059fb5fa5998a069ab545bdd24673,1.5
0xacf3b9edf9d56da583bef96dc315e3070a84945e,1.5
0x3db1b8097787a2573c2ba1ae20051127975097b8,1.5
0x9de33bee1353e65fe86cc274f86ade0439021576,1.5
0xce433073b8d67ec042005b08bd1dc343583dbf69,1.5
0x75a9c16ecec04876e36da62547c150ea51e90c4c,1.5
0x3d0f96030c7d8fbdf43b13bf40d2ab6cbbc381b8,1.5
0x1e9f35d3c6f657ac094da95776aa1859adcdd370,1.5
0x55684baacc110ea705d9a734b0c260d84f189a46,1.5
0xa250f5db6c3f7c2047066aed19513c235cd9d718,1.5
0x241485d0c72876016e31675637f864b66ecad485,1.5
0x1fa920883f22eafaa37f2c3edeea79220509e728,1.5
0x75256a46e98eb0f9c4eefc197eb3dd88d559a771,1.5
0x3d4163f6e0940e58ac1d70bb9e945dd8c212ee87,1.5
0xbd4698e42e57b9e024a86c37659739a674ebd08f,1.5
0x748f38e9ab1cdc6b0d49298ec71551792b98dd2e,1.5
0xa6ae95184bfb3cdd554f204846aaf7b9f6232c12,1.5
0xf22b92e68f4dac74cbea9b1fe306000619ceee04,1.5
0x1d7d6857c397788d1d33744276b54efae92cbbad,1.5
0x78179568b5ee0705383678a5ec6a8dce85d87857,1.5
0x9ce6d65d396ba30bfa635952671069eddbdde1c3,1.5
0x1afac67ef6f839f1708f49efd606561e1497ce32,1.5
0xccdc08484bb52cfbc73c8288858e406776424b2e,1.5
0x1b302bd171a740c624cdb0f614924c4b2b91a4a8,1.5
0x3f8f162be7bf8a62244e30b54396f90a35d78f6d,1.5
0x1bca995bb18d57df062eace5ab35fb8a3b59a20d,1.5
0x3f227a9d1c646f6dbb3ea41df276791a1ab23b6e,1.5
0xcceb5bc90e595c4a735d5d55b6f998a883406bb4,1.5
0x794b14b9579adbe0dbf25083d79f796c0f16e81c,1.5
0xe296803acadd6a12c66dd8608a760020219b763b,1.5
0x3e73f7601d5564abd124dd8ce38f2b845af0b78b,1.5
0xf2fcb326dedc26daf9330c8b8258ce2efffdd163,1.5
0x53baef0a08fff0a4f89acfee897bed4760442dff,1.5
0x9d4b3553f7f615ff0315711e31a41500ebdffa13,1.5
0x7858ff3f6b02d497cb9848d68e8f9e58714678f0,1.5
0x1d29d345bba2a055d607987e14e711ffeb40ee06,1.5
0x1d6b289f57ea641050f17284582ba6ccfb0fbbc2,1.5
0x782fb844fc7efc2e06c7546706147fce5fd51066,1.5
0x9da984ddc0357e2fe8c0e833964b3220c700c461,1.5
0x55a52913eb7faedc87eadd581ec84c37e2fd2168,1.5
0x559113d9eefdb5426351cacc37342179233bae9f,1.5
0xdb10453283d1f1aa7fca16039fdc3b068b75ea38,1.5
0xdb9a9b585303c1ae141c5dab6278466ec21b0f9a,1.5
0x9ea695b00871761bc2caa0cb1b7ceb67c699329b,1.5
0x7360786e5846273cbe3e0078bbe04403c964b345,1.5
0x210a575e7b8067f6ebacad8bc72a77301b45f741,1.5
0x23c91680a2fe9b347498714d76c9e0f567319b4a,1.5
0xf03ead9442a4f76367c6a8efd6eb87d357b34a68,1.5
0x72df07d6cb06d55b4e38f0b3761e0406e3fb38f6,1.5
0x23b00f713ec24a61a061f5fd8981f7f464720264,1.5
0x230678eab09d4c6bdc6575198ece9b30e55825ee,1.5
0xdb9a26cd9e6c2a2acd8896670e6a71d505209415,1.5
0x22918fe3b7f3b4edba2516ae9ffcbe1d1316d53d,1.5
0x5766e68ab59b97d941a4cc4211b02ffe7763bf95,1.5
0x22b652b24b20b22e9e3acfeb0208a1a179e80e04,1.5
0x9e957278812ccc995d537598fa77055e100a7ab3,1.5
0x3cb8446b01aa27bf893f30c75665876e0ef0a0cc,1.5
0x56a061f4ef706e1f6dcdbcf7e10e4340c1d99bbd,1.5
0x23cc8c9817235b59c0e44ca478ae48b63a2e20d3,1.5
0xf0a779ae9753788ac43a6d5cba489781d216e0a8,1.5
0xb60efd576dfb5a27561ba32ca0ad6bccfd932540,1.5
0x3cebe151c12028f25dca0e1e6c2e67dea2f86659,1.5
0x2407ce370fd6ef020688e91c44c7cbdedfe2a942,1.5
0x745c6efeaabaf5aa035e54caab6b536f5319db38,1.5
0x23effbad3a6d926846e964c9ab9580e5068857c4,1.5
0x23e2800fdc4dc035d4854974b953abcf43f484e5,1.5
0x9e7b9135f7d6360f796c3f0f7cea5a8e4864b908,1.5
0x3cf6e43301320ac0e3f0495d7d4b2abc0fa85929,1.5
0x7440ff2162ce3215952d05a89b521592f5229527,1.5
0x20e87b506f20540e125c208254b788e8499eb05b,1.5
0xdfc331de4cf03b4f53cfe203abd38baaafb5813f,1.5
0xd0981e004f98c7e0de915a6b68a73a2773f4ec48,1.5
0x71c4b34a6e29003e169b246115c085cb512faa5f,1.5
0xb28e5a0ced9b51335136cd65e46a4edfa17ee231,0.75
0xbcb754dd5233b1356253a4e47e7ceab918f8ada0,0.75
0xb8bcea33c881509c6f8ec2bfd5cf7f2af8f89113,0.75
0xbf9f409cacfbcc63cb8e7d22ed4a59a75659450b,0.75
0xb7a615f6102531eb1ca4427723d245e51bdb66a4,0.75
0xb3dcc7dd2f26d3e55c8c3f03749a3050f900260f,0.75
0xb97ddde82432ce2f4831c6c901bc626be9d3f027,0.75
0xba673f92b36ff9280ece692396ab71c09f0484bf,0.75
0xb59150f8f58247bd5306078b2aea30e345456849,0.75
0xb3d6dbc54ed91bcc84da7871fc9e146e7f13c496,0.75
0xba5a3532d7c7d2b60277035058ed0295b8efb347,0.75
0xb84443ab5a5d0bf883c417b22733c1b723e81f58,0.75
0xbc11c14f20b972bc2b4eb34f034ba2d996524bac,0.75
0xba4b15b3a10e1cda1fcd4e535876dfb7043248c5,0.75
0xb78b0ce561f8af8d8fa65b83e29f15e1f6e76a29,0.75
0xb725c8e1ecb6b778c49637564153c0021ee18328,0.75
0xb6b7e606916038e28b3668919c014e838fe5eba5,0.75
0xb5ebfbc0fd5e140d2866144557bb282eaa7ec2f9,0.75
0xb35b36d953e2a44e0fb3b4b1d51dbbb137cca244,0.75
0xb410734d940e0f6674b1d4c4b786ac84d961696a,0.75
0xb6f9e6c50abe6676770bf631907b1be9813d8e54,0.75
0xbbb54ed844df18009760401339e4554f271d08ca,0.75
0xb38c77467bbd4b13228e236930b2a8740241f7a9,0.75
0xb422e4985f530df81908e455b2d11575865c7cd7,0.75
0xb453935f18709f860b9c3242405d8de7e8803b5c,0.75
0xb46f51e9565f87223b6872fb33b44b80d39e1f29,0.75
0xbb871211318e9d7b43dbf2b58fe748e1f67aaf96,0.75
0xb7c329c99c39035aaf21778e256b6a9449aaae42,0.75
0xb813e8d69779c45854f267ad78dfb2cda1c728d1,0.75
0xb5d74f8bdb8ab8bb346e09ed3d09d29495b16849,0.75
0xbdd80b7c7fef8fd4b4b72f897d58b6e50d60aae1,0.75
0xb6810d2a47d23f112ad9968b9d2e11130bca258d,0.75
0xbc3cd08e15cf72b1646c2853e9683609c06bd398,0.75
0xb9598a5e09af629ad8d85187266c2084d64953ec,0.75
0xba8266dc96a9e0b758b16f7bbd054ce72307cf29,0.75
0xb69b7d9b7a4ff46877cf02ab5bcbc456ec896432,0.75
0xbce7355129ae2d1a9855231273f7edda6d910c9a,0.75
0xbc36ddd00a577e70bd27b40b3bc97464312bbf9c,0.75
0xb77fa746bedccfd0646be5d6a638b4f49747475a,0.75
0xbb75d10272f4e6595e243453f1b21346bdd6cf48,0.75
0xbbb801eabbb21c2a9c53a68aaa74bdf969e94ae8,0.75
0x0040439b15c801641e7f334d2715ec20ace27783,0.75
0xbfb121dc8ada4771e0bf270ec03c3b7c9439957a,0.75
0xedb6c2ba33669be1077ad0c2246d2caa6529c2de,0.75
0xe9b5d3cf42b91bee37a253fbfa56c35ab2cf125f,0.75
0xe9bc5f855682aca47def4a09fab4de5fa8b0fabe,0.75
0xe9ecbb2545f50dba2559488f453b76f7d9f86487,0.75
0xea4aa53b28fd1ce2138957bb85d8af9c734ce144,0.75
0xea506b68aa88120a939372ab746a1b35551af6f9,0.75
0xea8f9f6d35a10c627f17a6f8809d147fc4a9ff02,0.75
0xeaebd9a346dedf48bc4cb4fdfe4aa4940a78d038,0.75
0xeaf99c659417a610f278f1dcc2ceaad302346ef4,0.75
0xec33d2a18e6bc12673572c7b4a5e399eff82b2f9,0.75
0xecac190067178329d8dbc90d81a3798d6c05c03c,0.75
0xed4a1320a4f65b08d006b7ca7b95f20e07d1d182,0.75
0xee0688e09ce4c20526464411ad44adba31c2eda3,0.75
0xe075450e7f0f6671d1a42c4d0f80e5326ad4be0f,0.75
0xee0d8e9198d40c8ef2fa5487f4f759e942011911,0.75
0xee5d71ee1356adf92698e1ccb9f2e4ba01db0b78,0.75
0xeebb8fca71d80469c9f0c00e0d6db7cf97029d07,0.75
0xeecc4a1bc2c2171cf39359160e5e499056538ce3,0.75
0xeedac45f192ff8656bfa671a62e43a699b04529f,0.75
0xef03d048a2983680f392d1c0b6c3235ccc8571bd,0.75
0xef1000e86a43bf00d3b03317fd0f18df2066e4e9,0.75
0xef7f1cc5568892f5b83a825708e2b38c466beffd,0.75
0xefddd2db2e5f24cb3f87382bbcc45398eb68726b,0.75
0xeff8664f0fabfbe837115fc853d1a5ef5cd91604,0.75
0xf007d06d4b98edf9da0c4eef3a9c7dcb9198d064,0.75
0xe878673e86f55e36ffb7c34062124b236906a345,0.75
0xe80412a25ef3e652fe2d89e0b9d25fcfc3445012,0.75
0xe7591048e2bf6b46f4b195d448f86ac5c4992f01,0.75
0xe6f97a23a65b6cc885304774441adbfd61a63993,0.75
0xe07bf8bce2e7043d7d2f43813b5497f07e18c0f7,0.75
0xe092cb2016b7f93a163fda93e497f8bf829cffe4,0.75
0xe0abfa806858283853f2dc753f9fed5d042ede14,0.75
0xe0b55b2e216dd2490d4980e104318a7f7becc9a1,0.75
0xe0c539da4bd3b2ffefa32b785edb8840915e3b5e,0.75
0xe0eeb43c7191c28524ea5fcecc3fe2cb6b77652a,0.75
0xe1649b24fca4b2d0f08700c2dd5681f4e5dc6e04,0.75
0xe1b8884110b1ed28e380ffbe5bd16d315ae9712b,0.75
0xe23c46d12823680ae9a1b1a0fa1446618325e5e4,0.75
0xe28cc8f24eda328eb311c4bf03bba2d4bf15500f,0.75
0xe2b1388a5b41be0a672e6a98b46e587f63c3b690,0.75
0xe2b8a20ecdc5e17b1596f2e5fc44caca961a9fc9,0.75
0xe2c2c8df19d023b8fd0fa9f8c99c7b0772d60f95,0.75
0xe2c492442e0f3d369429d5e53e8004a4de30cfa9,0.75
0xe32146b323d60adf79bfb31b4bfee9fa3e73e0f9,0.75
0xe357b667ae0cc733adbf97a26a82b411e1e63e5d,0.75
0xe3b329b7024c66abda35693e8a768cf944fe7ed7,0.75
0xe3c25109d06dc7c47033d50a8f26640175e69b87,0.75
0xe5461ef3ba01d5dec8398f7e79aaf8dad2575878,0.75
0xe54f9dabdcf67415599c5c3abb7a6d80a428a74d,0.75
0xe65494a4b20d6d63b7604a8d56c28fc590a368b8,0.75
0xe68970c61736d738cf7680b08f59f4a9e5386dab,0.75
0xe6d01e9fefeca7c03ede04daf119347bd1213e5e,0.75
0xf0bf9dff4bdca3bcd1405f332fd73dd6eeb8a9d7,0.75
0xf0c6959ded3b900b3c422addaea018db1b12821b,0.75
0xf0ea4633e5a470359926abdc85c69264a94a1a07,0.75
0xf8dcfdcf7396b878aec9a39128f5266c8efe3500,0.75
0xf974768fca1249e6a33ea9ca1a20e26f0161f9ac,0.75
0xf9c38d5c288ab9d8cc5d8b91e8ab7c5c51dab669,0.75
0xf9d3326f7fec63e5cde0aff2656d92dcdfb2c126,0.75
0xfa01645b456f63648f26e6a59c23ebe1fe54d640,0.75
0xfa06e544ae060ddafaeb72b71720e4e8140f1083,0.75
0xfa0a1210f80fe827667b77db1216fe32c10417d4,0.75
0xfa0de2947f3798128642bd437fa34543c69831ab,0.75
0xfa3cf4700603fd4ed38ea6c527642f9e32cbbb39,0.75
0xfad3b8806e7958325f13061c2b4b4758617e03b8,0.75
0xfae46f94ee7b2acb497cecaff6cff17f621c693d,0.75
0xfb59c9b58c359a713857af791454ca9e9939174c,0.75
0xfc01a704f3223dba8fb7bafe0a0e9fb5325d6952,0.75
0xfc2f35192060669fe71d42a84e636e7f870d4c2f,0.75
0xfc704cca86836fccfc1a8d73ab3ee9560d442053,0.75
0xfcc06e95258035f9beddfd9ee55196a6c24b4cb3,0.75
0xfd0a1ed33c9139f96dc5138a1739848a6d36e8e8,0.75
0xfd922e8b6a4a003fe6b82fad76a27a97c802f3ea,0.75
0xfe43af2813a44889e3e4bb068a84b5b0c4020ec5,0.75
0xff10e579ba4161617bcd5ab52d702c4ea7c35e22,0.75
0xff427a2f46cf2a464a8951bf8186148775397c20,0.75
0xff736e5558f031384995d3a6dea21b5bef5d639a,0.75
0xff8df12fc7deebd0e703aff1ab54bbd64e2a1270,0.75
0xff941f6e6138e0800c84ae201bafd7696cb7b8bb,0.75
0xf91b3d4cea32a25e1603d60cded13c1a6ef0b974,0.75
0xf87e6021cea626ccecc48103e75ff3fa0a4c0a25,0.75
0xf0fc50d952a06a846d8f5416a724c42bad8aa4ab,0.75
0xf85219b9bb810894020f2c19ea2952f3aabf916e,0.75
0xf11733a5448665f468b38e5b14dc5fea94136c42,0.75
0xf1807602067392c095ac189413491077361696be,0.75
0xf192ae615d8010c09f05efa40f993bfa4f33bbd2,0.75
0xf1a333f9a617fc4ad1e607c866a3e57d014d8673,0.75
0xf1baee39878135afe3a90a3cfc5c0a5d1acfcfc1,0.75
0xf1c24eee7fc8dafa8d753a978d7a24a7f1c65880,0.75
0xf25ddf94a8fac9b89963d93f60af30b63e09b3a8,0.75
0xf2d0dd5bc95a3ebc2bcba0b6ffdf9b6b3ebb42dd,0.75
0xf3d939310d85d36ded9f689df6f325d4c63fcec7,0.75
0xf4e044cc2e652d672e98f6ee2b2bd5651f5292b0,0.75
0xf52ba295f566930c2abc9069f20acff8e060214c,0.75
0xf52c0a216dfc67313338c703e69342511f62ebc6,0.75
0xf56990d1b6664b0c2a3436827684f4f004881a57,0.75
0xf5cf6bf0a935fb99faf0ec20caa6408d390cbad2,0.75
0xf61a47c2e2ffb144c5f62042997b5fa6de7787d6,0.75
0xf628999967684fcd135666cb26a0bbe1b35a9d9d,0.75
0xf6a5b24aeb40a9f1c87466916a48d5b5c3e69c73,0.75
0xf6c76af007795e8f75137aad478823be55f9c3e9,0.75
0xf7abe060ea1e437383665ea6702e0c48722931f5,0.75
0xf7ef637d397e5f7b659b4e69730601ef720e2468,0.75
0xf7f4264b30e73f8ccbb2c5a9fbe5fbe1fb11581b,0.75
0xf8105e84b278ff565c66cc0653d7cb9c87dc6144,0.75
0xf8366a2ca5b0d8af448a32c4a842c553c70043e6,0.75
0xe077d45c36e8dc654c08470cc6d97d502dddc86a,0.75
0xe03d838fe315db276f2b11629b3c9f2b616bf244,0.75
0xc0b4f00e3224116bff5a545545eea3ded9911165,0.75
0xcd21eb012330573df5035f2bfa67330f6a7717f2,0.75
0xca5e006fb0cdf38e96a1f605ff839fe0cde2dc58,0.75
0xcac47a6670be9d52abf76e897c8c77c17f67a173,0.75
0xcafa22999cdc5ec43d04424d5b0de45fb857cfd5,0.75
0xcb675f77847c33f980ed76bb31c89b01d20461da,0.75
0xcb992e96d9af3b0b04dda6e4c510448673ff29da,0.75
0xcbcc7648df21d111d0a50f74dd8b035e75731ed8,0.75
0xcbee390e62853b80aaae7181b205f6cf368cff7d,0.75
0xcc4341339556d14193157b77aa61dd9944dd8ad5,0.75
0xcc61f745a151ae202b99f18146a6450d519a0efd,0.75
0xcc8d54b688e694a3b5eabedbdd806a053b9cea23,0.75
0xccd557b71393dacdc02a9f19ec04643612adf840,0.75
0xcd3832acd2f8e22f940727af48086ced06c69083,0.75
0xdfe85f5610cc33715d7d6fbe2ccca43a1fdc108c,0.75
0xcd6de4e6ae74267d3eb35cb8e9fbf62da41db47d,0.75
0xcdc78ef808fb064ea16635261f97d2e2d32984dd,0.75
0xcdf228554614c42d7df15baadc89b0a113961e05,0.75
0xce0d3aedf9ff5df4e7e6e07999a812801c861375,0.75
0xce1984b9db19b7b329a50b3547818553b9c5b088,0.75
0xceadd97d4d334412bb1af6010482b1e5e0e7fda5,0.75
0xcefbe105dde63e7be2d4ce9a1d53fd3da5b34764,0.75
0xcf58236f422b13f96f4fad580d364437346d33c0,0.75
0xcfd850c6851f6c18d00e69e5d716fba3c8b90d4c,0.75
0xcffd3c9e74754c1494887d70fed1496353053d56,0.75
0xd0465868afb62ade87e3a5e712486b06432f48d6,0.75
0xca5baeced2c3adaa817ab8dd0375096ca26007c0,0.75
0xc886db8b8cd260f5ee38ba3d8f8e9324ee27ea33,0.75
0xc814b1e4cd1e7ddea4b2d5e97c69089fd5634e2a,0.75
0xc77eb7f172ce0e1f1d54ec33f7d15ca9f71af6dd,0.75
0xc0bd088d18791cb74e9d75ae9fa9b40b736cdaa9,0.75
0xc18372c6ea7064d4ef6b3b353f4238657eab9444,0.75
0xc191eb1d1b98b37a405f05323b93c08dd6561898,0.75
0xc1b73a67a02649835cd4947ee5e758e74b423965,0.75
0xc1ef910fe71d2fb6f6666443e315f4e33580fbed,0.75
0xc271cf6fefeb869c392d3d302c7e6dfa40937e7f,0.75
0xc2de8595ba1dfcaeaae261b590a76b369abf518a,0.75
0xc2e1310780fecbcbf54b6a013f3e6fcb397e177e,0.75
0xc30f95ba13b57939622e29b083f75dfb123b736c,0.75
0xc3cf5565433873113e48e0147656c30b827d814b,0.75
0xc3e0e845e17b9f058bc027d83d16dd7d46a8e9cc,0.75
0xc40d7c9bb1e567a8135c50ea7b8d187c6971bccb,0.75
0xc45317b15633bbc021af594890e21e630b85727e,0.75
0xc47512df6bdff3c69f15a56dfd0a545b984713ce,0.75
0xc4d738746950172671d581a5f057c13f19e4d387,0.75
0xc584038812d1435ee1ad4483c4b5ee79343dd716,0.75
0xc5f28a46d364daa70ff666925465ada12c23b732,0.75
0xc60b1704717f678cf1c998adc88a651d122993aa,0.75
0xc64140f339311d8875af34c55937489de4018294,0.75
0xc6c1b1e79661ed97f1dc56bba35a880fc03d171a,0.75
0xc6d0d1d47b9b3cbb33d90bad69145dd08935b6e5,0.75
0xc6d5b34cf9ada83c42547781db3d29c89ed27d34,0.75
0xc6dc42f20fec30c4314f1870755087ceca21311b,0.75
0xd0877ba79ebee444330ecda7dd72468a2feb89e1,0.75
0xd099c62033026f32032778402c2d5ca3dd5e1c4d,0.75
0xd09b82feb665761de980707af77cdddcfb2d479a,0.75
0xd9818c2e5f1bb2e2afbfb5891bafc31440432c27,0.75
0xda3f1e05f4df4c6521d642618eb5c123c66f090e,0.75
0xda9b567061f498a39fa21c987a5a4e9c356dc5cf,0.75
0xdaae68c25ab82dc550ef7712ca543e8558511ef7,0.75
0xdbbb3d58287eba06e583c808560b9b58640c693e,0.75
0xdbc2c019780d93613196c766d332938949c6faf2,0.75
0xdbe7c71cdc2cd4f62620f5f35d3963f57fdeb51b,0.75
0xdc16506427cb6850bb04b7ad25905dd1d8e816ef,0.75
0xdc241abb18070fd844cabf933850de72e8a1a13e,0.75
0xdc490d26fc0f48d4a39eda08808ce92b48a59f97,0.75
0xdc61be6e1da90f269fdd1f35e85a34ebbecf5a85,0.75
0xdc6787b52a8a248a60b9116fd5da874d9740df73,0.75
0xdd48bca9e4504df339a73a2c5de271977f42776e,0.75
0xdd9946dfd38bb9d5c7cb9817fa793aaac8b9bed6,0.75
0xde27cf7b309a0dcebfc416afc8e4a5a8bffcf428,0.75
0xde3695fd4bf01e3f9707b12c5d02630fce0ed58d,0.75
0xde94e9d2a3009341d1ba4813a7905a25cee118e6,0.75
0xde9dca554d0da396d7e37fd1455183ede514ff1e,0.75
0xdeb0736f94f2eec3fb734a369173e3386aa0ee74,0.75
0xdebb8d72877f7d256a9f43f7cd5d46600c130b90,0.75
0xdeeccf7e6482acd7f6c2852abd7a7a6004a7d0f7,0.75
0xdf2f9f5f7b406a8226a9752f6752e8af1d52e771,0.75
0xdf858d5fc6b9622c5e7ede61b389b21f81d04844,0.75
0xdf98824a1085c97220a9ca3905c556ec89b42e69,0.75
0xb2801900fb83990284f394ae48182602c3c7fc51,0.75
0xd930e58c82141764d5649b649ef8e53fbf49ca3a,0.75
0xd10e3ad30994320163d5e47b900ddebbb8c3218a,0.75
0xd8d5db8bdc62bed1ac8275b6585a0b23313340ef,0.75
0xd15f8e0ba60706c54322bf221738dc036817e0f2,0.75
0xd1964c414baabb457713c6533974b0aa8e654100,0.75
0xd1dd9e55204f953215103f950fb94efc7cca684d,0.75
0xd2072df9e73629f311ff4cfec8686db1776dc579,0.75
0xd214ba23a785294393da4f06d4f0a82676d4ae94,0.75
0xd2627ca894a7cbb44cd64032a992893d3df4d563,0.75
0xd298dfdbb36a2cd187d86cb5798dce274cbbf445,0.75
0xd2c3082bdcbd77f4d2806a954789bfd83936b170,0.75
0xd38490c65a65f9f57441d120898344054da594af,0.75
0xd462238b77d8dae8fceec673cc7041bca7492f0c,0.75
0xd4eaac2c952a1995a2fa7167328616d21da8fd7c,0.75
0xd5170df2da50a4a6d412e430356024a42ba91d1b,0.75
0xd5247fe70db2aab489c55d4642d4fd5e84645210,0.75
0xd57cd5b3e876581191a9abbd05947f0e7ab23fef,0.75
0xd5b0a25de3011086807d50b2d4759545c2ab4ee7,0.75
0xd5bb51ca30b9ce6f6dd02c9426d4db0a63531ae1,0.75
0xd5f0e1908f5b5655d1ca6f2f8358906dfa871228,0.75
0xd68936188779efb41bef5659b9183b34fb7963fe,0.75
0xd6ba8994619fe338f17f614cf975df91c973ba7f,0.75
0xd6f3ff6053a1d8597a53d69fa7e08f18eab39cd5,0.75
0xd77033a7f57ebbadfce5adf9ab086bd4c4b6c509,0.75
0xd7af160c94c0dddeaf4e40c66bbc08443155e911,0.75
0xd7d830cdb029874ee390920ac99aefa5db0515be,0.75
0xd9b894f901472fa3b5f843229527d207d98f2308,0.75
0x80376464e56a10337aab5c05013610b811f8ad8c,0.75
0xb1d115394c34fbcd87da40e1e0371c523fe26317,0.75
0x3b12a4029566e76480a57cc97b692611d3e87899,0.75
0x3bd88800933ffb3fd898a046972e62fac0799058,0.75
0x3b8904560a148da30c28a2d7d201ed6f22a68d61,0.75
0x3b76fcbf4ff15198810cbe4ad172315f12604ff3,0.75
0x3b6493b2d6fc10c2efb64b055f0b83a688302b05,0.75
0x3b570118b74fa0a39ad7c7fcfd75ef7a7a3e3301,0.75
0x3b3e711c54c214483dbb117687d6ca171bbdb6d0,0.75
0x3b3667cfd7df6d100152a2870351790da7f44b51,0.75
0x3b0f0d4913a703fb3cdbc057e28ac3dbe364a7a1,0.75
0xb169bcee3c0475764f0efcb2a3ab2f89e49d0e88,0.75
0x3a71c05b9666e49b5dc15df245b6d16d8f66f710,0.75
0x3a5b2cb01f36fbdbb1e27859e015b146e306f161,0.75
0x3a53623f1073c9a8aeac276b7b599f4e62c2e910,0.75
0x3a1a862b17359e7e49f304e2bf47b443fc6ca0cd,0.75
0x39dbd260c702b3700d43c8061078cf2229d87ad1,0.75
0x38d3c9b52e65eca06fd278ed501535aa8c96ff25,0.75
0x38d11aad91077766837a79eceb71ce2ce72aa93d,0.75
0x3c246b9e96307ec583d573b39ac0e0e7dce45af7,0.75
0x3c9f9d1088f7eba4412cd0844df799c23b8dce5f,0.75
0x3cb6a6b0f7df8082603af972963595807ebb5ff8,0.75
0x3cd737e92148e3b4c70d17edd3c9dfc094b5476c,0.75
0x41955ab7d12f9f6c03de972b91d9b895d9c2eaf8,0.75
0x4116860650b7421911b63eff4c02860a17637757,0.75
0x40f811b2bb96eedd495c0fef540222a45feefcd4,0.75
0x40e3eb8e3c98007ac0bf7406609be997fcd2defb,0.75
0x3fb4f0a296e8c18a9777118ae49ef50968d84e0e,0.75
0x3faf0fb74a23974f466c08f969bbb940832ebc33,0.75
0x3ec76a141eba73c11e8a6e22be82bf09dbdeb11e,0.75
0x3eabd83cf5e16cf568d6e6ed5d1f9fbb15e26ed8,0.75
0x3e47edd9716893ee6eee522508e77a83cc94f88b,0.75
0x3e0de6286372a437340d32aad4a039be2dccb017,0.75
0x3ddb341f2cf592dd99ba8157fe84f7b8b20f05b8,0.75
0x3db8fd0d70436d6fcad547c183c1af8485c1b046,0.75
0x3db5fc9b66dc9d11ff999bcc697aa3447deef4ce,0.75
0x3d57e3c0fe386f57766995f84bb4eeffaee72ba6,0.75
0x3d1fc78c63a4bb46d0ddc580e92c1b86cdb32f4b,0.75
0x38c832d6ee5613692518e1eb719985958a041a9f,0.75
0x385cf024ae9f563c60412c154b4fe212567aff18,0.75
0x38345b9d3b617e6125082963af9fc4255157366e,0.75
0x323681ccced4c6445fa8754ae80e749793c4f7e8,0.75
0x31bfd9f9f5dd58f6d908921784494e9f8c0972ac,0.75
0x316a6baa25004f3e493f058d629918ee3c325219,0.75
0x30ca7fa067ceac657527c72c8e0a765aca17150b,0.75
0x30838292af0549a458cc99e614b6cd0061dbcdad,0.75
0x30756a57c993193fc34624d823cba6e4272cac90,0.75
0x2ffde64b807276778dd1752b9baef600e513aecd,0.75
0x2fdd18addfd101e1eeed5351e271f4209d33d64d,0.75
0x2f8e0f91df5a26783633910ba9ed4b3b7b7883e3,0.75
0x2f69403bf81c506b1a64bf1e1a296b6256c6913f,0.75
0x2f5fed4350a5736c556cb7313a5f3943bd8892c3,0.75
0x2effcdae1c0719e78071c1d602c419bfcc0e5c9a,0.75
0x2d83ef583a99695e4f5767b577ddf8e2f32dd2b9,0.75
0x2d09b5f57747a4d3467b8b478ce6c22990dc37ed,0.75
0x2c90ae7a9229139885551f8908cd09b90eff9cfb,0.75
0x2c87fffc91849dc0b1e1e7809afcb8046539578a,0.75
0x3232c13ace394e0e45a61e044cc70a7e3728bc38,0.75
0x32d6fb40ca8d2999bc0c792c0f18f49bf01c00eb,0.75
0x37f7954e63e8e487d35d2afac23614661c883158,0.75
0x32dab04c06c7e48b770db835ede6c293677d9e53,0.75
0x37edf3a1b294acd08e418fb2133f6e8dd600a48f,0.75
0x37d09d898f505128eb93be6e93409713a400e46b,0.75
0x376e6e10b906c85d11b3c6e938fd2179ff79ff05,0.75
0x376243f0923b4841b9563a3fe74b4b3a14ea1eb8,0.75
0x372784dba37e314fecbad1b9877d1f749801d448,0.75
0x36e30ebf33d9370164d1561f57ea9be64bc1897d,0.75
0x35cfb125fea8655923194b06dcba87c854a3fb0a,0.75
0x352f26e777e969b98a34143a7a7cca0e4a045096,0.75
0x350ba785dcac1d0c272503fce5e367b6e5c9fc38,0.75
0x35047b562af9dd81caafc50a1e66213efeceef17,0.75
0x345f2de1fcfafea0bc4721b8fe7fedd72e805ad1,0.75
0x345ca188fb04d47cfdff8dd1dff7742eb85833bb,0.75
0x33b4bd50652e6f3561c57954f1a54f24349a41f0,0.75
0x331164ccc0e0daee2a92a347b51fcf48016fbd7c,0.75
0x32ef71f9d9c121ec032471cd358a26fdbd41fb50,0.75
0x423f0a81b34c79bc573616ca95b0db8f41ba6fd4,0.75
0x4253f3310930528a4030eb89de0175e8d5222be4,0.75
0x42ace2a9e2dfc51b3b5511bf791e81e3f52d53c9,0.75
0x52e14e8dfc87e8875ce5e9a94019f497b82b3e01,0.75
0x5252a2c4050c7e08b4e0f79b7a4182580ca6c862,0.75
0x51bdd9312212a9b0c20d12c394caa8f44f415d45,0.75
0x51864301342a39d8a8a07a1dc46d6b6410cac926,0.75
0x51431c7b44589cf434fcb76900c3dc3713f5b407,0.75
0x50e2adc9cd05e7cc832661c599597549df69ab8b,0.75
0x5044c613ca64df26469c17ceb89e4e1b7b9050ef,0.75
0x4f9bd31e47f185d823c7cd7199dca341539b1a4e,0.75
0x4f5922fd05f5fd32936ad1aa3d9b01abf78d6e48,0.75
0x4eb173b2a73875921facbf9e048c4b71ec8c8818,0.75
0x4e03446b62750ba116beafb11b289201878ef37a,0.75
0x4df93c2fd11658455384e9b0f876ec091b6d94fd,0.75
0x4d5d457421e44f09590d9005e7223c8fe0f1fb20,0.75
0x4d2b61572ab0c779377f529269dbb44785904e9d,0.75
0x4cf28d3ec0f93ac7ea1cd6d426b0bfef0580c562,0.75
0x4c8ababd23fda79e4788b8c8a40fe90df312fc8f,0.75
0x529bc086eecb489e6ffa56991b631c6ff143a90b,0.75
0x52f1b1c4029f130f234a478c1cb1c41dda30e5db,0.75
0x4c451056470da838c3a4c727931015bca23ed506,0.75
0x535586a228a797dee8a2fe2356049ea28782797e,0.75
0x591d8690067a6f674f38798dfc78921cb50e8ff7,0.75
0x58d8948cea6843f7c7cb36fc0c35a72c52972449,0.75
0x5898ac478fef0208f5254230751df06d693cfd36,0.75
0x5816f48dadb71d80eea47c4c969c183287ac1dc5,0.75
0x57fe30f027e99482fa492c64e2aa428e63d34f58,0.75
0x56a47b505a33fd10b6d1c205bccabe754f59ccd3,0.75
0x5678fc8e1cd04d6a4d9e22de279d23f40e6b86fb,0.75
0x56771d68f9e8cbe57992f75f8e21170adfc2dc9a,0.75
0x563edb2cce202f1069c2aeaa93768b88ed02c058,0.75
0x557bc1207a7b0dc5f88ebc72cd1d8502c372c04a,0.75
0x553ea73c8d7932c94830bfe16d91dd3931d87305,0.75
0x548ce94fe0af7de33deec18e1a5dfc51aa5a895d,0.75
0x5415598bfa9d92469e7e68ccfc5f35e434f3b99b,0.75
0x53f5cdc7ad1e29a9d7744ea323c758284421461d,0.75
0x5381a35c3872d77c02b7b25c7de0b6c0a816f575,0.75
0x4c5f7e5795da218d6bbab31a3c382595c881a4b7,0.75
0x4c168b3e6a66230f3de3657602b1020e3f50234e,0.75
0x42dae5ae6878e6f71f96a8f310594fa1d10edfe5,0.75
0x46a9a60253a749bd33795c27d8f1b1e3097c3509,0.75
0x4664b1c8f34235a1287bbd95f16623b812602965,0.75
0x463a2b8ea11e53ea2d7785dc2bd5249265c1c574,0.75
0x45fc0da8916455497f66a0da873314f3076e33d7,0.75
0x45eca0305c47bef95987097bd1676552b6a9ca35,0.75
0x45a541bf3ca6dd99fd95331459252639743cbefb,0.75
0x458d1e307cca61c0bea82f7663f66831175ecde8,0.75
0x4548609ca19117b6e22e3eeb9df7c3d0de7c6500,0.75
0x452aef7e7bf5733afc8a9f4b4f9e47cb0a137a6e,0.75
0x4507b6feb004589bc987230bbda2969f0b5b6c9a,0.75
0x44a0cdf6a6fa49d580733b8ee48898d997702f50,0.75
0x44990d2baebc1917796ac59097bc089a417582ec,0.75
0x44869eeac5821b8e68f8baaddd18fc24897d98be,0.75
0x4467f0be6838e5e9745983c5e70519f2c19657a4,0.75
0x43ab95ddd6595193fa750e063dd1aae95a98e30d,0.75
0x4343100058edab45115396fdaa4bce33d2d8dd6d,0.75
0x46883dfeb6147a34ec4f336915408d68c306a185,0.75
0x4707ef54075e33111e879507c255616b04b99b75,0.75
0x4c155a02fab3203c42ec118888a42767059f9313,0.75
0x47ab2f250348be5bc87291177afcb06297455a9e,0.75
0x4bfb94bccfd860e1f9d85c10a8949a722676fc4a,0.75
0x4b432d774d39f9eecee7d42e60c04b89bde9b279,0.75
0x4b1b404b787b14293731ffcd1e9a2c0cfaf19f94,0.75
0x4ae3fa85bf419fb30cd5ba1b0604ad295914219b,0.75
0x4abf36cfe4d3385c4670178ab2a5ea9b5314099b,0.75
0x4aa9fcbd7a614ef41c5bd71261b12540f350d332,0.75
0x4a689e802848ea694c279d0a89c4e9faaeff4d5c,0.75
0x4a53aafc1df5affdc7a393a712b2f74ed1f1321c,0.75
0x49e95132155ba4e1b9a43c54ba1ece6e2d5aead7,0.75
0x498f74965e59c72434f54380aeca0276fb148696,0.75
0x496e04fb5e78dbd0ef58730e16542f1a71bcce23,0.75
0x485d183bb27af4b1e8e3c2b69a92f41f918f92bd,0.75
0x48527073fe0bdf987a677d5fb0162d9e8cd590ec,0.75
0x484ed89966cb13780801f3b621601e5a8961238e,0.75
0x48143846ee5498fcb2228ed1b7102bb2fe1ddcd4,0.75
0x2c61f2912f542cefea365a1832ebfccc22a8245d,0.75
0x2b9cd60bfd18c5c6f2feccd5f33fe04f7b998645,0.75
0x2b72a427fe696cbfa70c2884b94564fb0679fa94,0.75
0x0edb635efdb162ff3ce1d63fdaf36e02f7e2bd82,0.75
0x0d77c6329df0afe4dab3f73e52e765d0c41586b0,0.75
0x0cea992872a467c94ed231da81a13a04f214822c,0.75
0x0c0fae6fa102816630c964be183e27be79e24dd9,0.75
0x0c02b960bc00f823341f59f604e46ff62972ba03,0.75
0x0bf044415029db5bb716478c146f3fca20165c3d,0.75
0x0be7ae9b589f1230a12284fc1f35f4a5e10be913,0.75
0x0bc947aa60f58ea65649d1b88c87bf7af4e04e59,0.75
0x0b4ae84e396aee628c562449bc6d49968c1e1aef,0.75
0x0b31a9d560c8183c548d85a9e8dc900b27cf3841,0.75
0x0b1bb31bde81b42177aae8aa3fd889c3a6223439,0.75
0x0b0b8696f89ba073fc8515ff649618a4fb361885,0.75
0x0b01f1310e7224dafed24c3b62d53cec37d9faf8,0.75
0x0afb05109d0a27e8cb883862b0e35ca768693ab0,0.75
0x0ae6c4a3f9119caba5b690d8894da3e7c72ef559,0.75
0x0ac889558ff11bd6d2d011a666ff73691cd079d1,0.75
0x0e03b86c9527bf3d85e4e926c7fa740d70ab5f98,0.75
0x0ee8ef9c4439fa8358cefc03c6637932dcc64153,0.75
0x0a5aa9e92f1a0552c7d812c06d5f775bdf516f85,0.75
0x0f77187768f35a9ef5a6869d445fdd1be01a3250,0.75
0x14e2ac271d4b9c2de1fdc369d14a385afe77f0d1,0.75
0x1482a191208754d05b69c89f499995fc89e4397c,0.75
0x14804152d8cf99795e8f6a9b22b3837e6f3f00fa,0.75
0x14703362de9ef9fe642e67b680b15880e9d1329d,0.75
0x1434e0d3e120125cbfdc431c89fcc53f5f3319fc,0.75
0x137e4905186da402f27d3c5521f25a07134206ca,0.75
0x13104282c572ed1bb60dafad00a08c804dbbb057,0.75
0x11bf988f25aa57e21f8b052cbc95d7f8b9bec9e8,0.75
0x11495459a9c7ba052c74be9f5e08ab3f2bc8f93c,0.75
0x11409d0f77f1c8304209677c0ea6297d298c8743,0.75
0x10dac4d9fc5217f67b1270b47b509e27e12bdfd8,0.75
0x1055eaa896d1ffc7273c5769d37a584eb76d0f43,0.75
0x0fe4fea9e28c8de16c9b8750a5c0532c1530a004,0.75
0x0fd17251490195c606f11786f5f5fe70c737d56d,0.75
0x0fc5b9843cb20d29cbf345f5c292899ce2835ecd,0.75
0x0a82615a9be0b7ffa833936e0aeeba8dfb71aeda,0.75
0x09bfdea369e40107783b1aa9d146fe7d462c9c69,0.75
0x152e6942c444066e2f420ac3eea8e6da8a46043f,0.75
0x04532ae5ff078b54628ec9b88075e70e844070e2,0.75
0x041cd43c8dff91e3e3f86bd1990afaf6801a83ce,0.75
0x040474a6a0d5ac323944d4b6f91b769083fb23df,0.75
0x039216bb7979eaf524869fe6f6195bf3c4b8a43d,0.75
0x0358553c3781a19fc7aecb4cf3b99cd4a9495ac3,0.75
0x0310471275be1a0e11c9a0a0131caafab4baf73b,0.75
0x01eaea789cec85e18e25ce38e90a4c66a44f700c,0.75
0x01cd8f447112785d4f1585128c7e61ea5bc909d8,0.75
0x01a1bad866667669e929cfe35d73e4f99de9f12a,0.75
0x01965f6c47e3ebf3ccb1a213dde21d87c9bac41f,0.75
0x017a251cfb4b5b4e91d19b13aed2a1d25d547a20,0.75
0x0160c31b4117dc3203848283740eaea400ef6658,0.75
0x014d2bc0106c5d8a3993789ec6eac823e8322f1a,0.75
0x0140831569724f9be5d808a2d1e71c9a5cc1d98f,0.75
0x00b558cdbfbc4bbfee629bc624f3bc9204ef1022,0.75
0x0066bf82d1bc5238b5651595e184f20c6522a04b,0.75
0x044495e10977967f5c0d6294f113432a7d115604,0.75
0x04704ecaab8f063b76a6f2ff45d2f414f0acaa68,0.75
0x09ae70bb28c5543c621f195937dc4fe8161a960a,0.75
0x04a764cf89ed0c4cf64d2190e2e7bef04462de9b,0.75
0x0998cbe7117e51b834a11b8a6678f0307b244df4,0.75
0x094b613ebcff274401eb3fe798deeef1e028bc48,0.75
0x08dba7113b294b9a2faf795993e09a795045ca21,0.75
0x0839eaef4d8dc8f4d5d9eee1d2610557c88ca904,0.75
0x08267cb203b4cf1066a81b0f218dddd8f0e33e1e,0.75
0x07df20aa702114a9540c9eec83d6a2a92fbdf46d,0.75
0x07d4537fe1afc1e39a87ac96e4426123bd38f774,0.75
0x0791cfadd4594bec0f835bb1e3d3cbaca214ce0e,0.75
0x075b27e55168730a9ac56c8973350abe38a4a19d,0.75
0x066a0a2639e5d7eaf1b70226224368ab911906f1,0.75
0x05d2ff631654c570fb0706a8881ab046775d7663,0.75
0x05b512f909daae5575afb47b3eeb0b0afeb14c00,0.75
0x058aaaa39bef3219bcf52c0bbdcba01b455b311d,0.75
0x054792b015b2cc9c5c0658b1c61b7468ba955d26,0.75
0x04bf02e20fb81f81b3d8d077fd6b43ca9713e722,0.75
0x151e2b70045c7a5dd71ee22b348a50f0cf88596c,0.75
0x155fc2536a08d442bb9eca58c6e74fb0f90a5131,0.75
0x2b27a40e78aae02f13ea730f2e49f28db97c01ad,0.75
0x20fed4c57ca107b0074109495a5a068ab94cd47b,0.75
0x20d9d40ca426bd08805bc8f4149fb9f397f2fb55,0.75
0x20aa32cd217ca760a83874cff45c89aea20605f1,0.75
0x20903e5eb7a2b8bdd3a943d574897ea1bf8ab5f9,0.75
0x2071a2fe9535849aa52ee8abf29e6a6f96a52c6e,0.75
0x202b8b3581597b987a1da2596cb5df936fdd38de,0.75
0x2014ca876094bf98f53226c9cd4e811862d07504,0.75
0x1f5d045fd5f6e534ac1bc96170347f4274da9320,0.75
0x1f45a2f409eeda7f16581aa547557e71ef7defe9,0.75
0x1f3826e845f3ba167f801c8ed873e2209c9faaf4,0.75
0x1eed3d17b3880b5438a46091a00f9c6448caef91,0.75
0x1e817924a6643ca8cad5799422df2cc5737d858a,0.75
0x1e66cc59b33b0fe7c7ecbf6f049602e237374d2a,0.75
0x1e3db3a134ceed2282ae07ae49ade6d320cc2063,0.75
0x1e38eee2ec83b781859845f1b1e8f1d4c7c602b4,0.75
0x1e1c35778f07119a4d58613849f0754ee453b6f4,0.75
0x20efd73ba785e7327a61bc9e55575ca6fbae42c9,0.75
0x210367f6fbb316fc24674ab5c36666edac3e6187,0.75
0x1dc0b8ffdf20c6136f1f2b285a56fe54b2e5f186,0.75
0x21221a162d893b8453d50b3f32db2452d197df3e,0.75
0x2aba6e9270443149b5fe34acca7587c8de42e213,0.75
0x2a4012489c5d70aa741479b14b81bb94a385478b,0.75
0x299a0d1aa150ff00ec98bc6fd163d84f914ff147,0.75
0x291c9894f99aa53fc3893fdd8549fbaa300734cf,0.75
0x27eaee682f25d452c83f22720ba4e73b6669cabf,0.75
0x27413905c4b24337b05f9dde8bbb140dbdf39e20,0.75
0x2723d54b88bf8ad4f07c86780b5e8e7f3b16f185,0.75
0x267edf0ca7ce6461c262ae15e867dc50cd302012,0.75
0x253a61ab118e8c3f0c8f0bfe1403e3cd69539198,0.75
0x25053a3309e75381b8333a87ab0a8eb4b24a7109,0.75
0x23a7c12de2b62e5fbf5a834bb47ceec6822dc5a0,0.75
0x22d411c875f040cf2d1ce7ddf25fdc009441ad81,0.75
0x22c4f694efec3c3dbc170f42edf4e56b60f0644e,0.75
0x2292ed8ba60c9ce12191230c9fef2eebe909aa77,0.75
0x21dab6778214e2e26ad8369356ac79f31dcef293,0.75
0x1e094ed9dfe65b02fd4dd14c046ac6b413d383a2,0.75
0x1daffa24b678e8d6e2700076c09bd1735a96fbc6,0.75
0x15aa5db511ed33ecccb10a0ec67f5d463d24cf04,0.75
0x18d7643d52825bb90ac5a1caf6594a991f5c9c3f,0.75
0x184edb4e49ea7af40390b9207f6a615e3d6ce42c,0.75
0x184a0aa66bf35abca7383a81ff3d4ea5d0ef8990,0.75
0x184861cf69bae1dd8b6638eccce0390c69469841,0.75
0x1847cd0e9be44bb7190556faf9673a3cc6dee719,0.75
0x183599890cbb9c20306b5fb93b49e65e062077b8,0.75
0x1822438e03542b3a31cd39f434fbd7f0b9eaf7bd,0.75
0x17d411787433fb4064326c5dc6274991720a7571,0.75
0x17a7ce1e5c9db7b5a3e0ee0784abb3b92416377e,0.75
0x17853cbed35f3153dc144d709e01575cb75d326b,0.75
0x171d88ca4e7231d4d57926d51b8ae1ac70118f0d,0.75
0x16c11d997a52c862c943922fbc54a3086f4b1b23,0.75
0x16a67875f239939617d409cfdf132175b952c99b,0.75
0x16902750c77c714770368f2ff06dd2b8d1cdf3ba,0.75
0x15e5b76a758af6b14ce6f134374e32dcb5450cd6,0.75
0x15c579858108bf25cfe7ddb4aa12fb4f4fbb3294,0.75
0x18b4dbc8ec72f95b83b3e80e8932b2453b578cab,0.75
0x18fbca7078f9d27feced9b429b85a4621a9e7ddd,0.75
0x1da376e38447066d42bcc01552dbd19e48544ae6,0.75
0x1901147164fde76a3bdb13e5908eeb2b5e4306a6,0.75
0x1d7c08adc571ac4d1d11578c0b154215b68f0cb3,0.75
0x1d4489393abe76cf7e841f0fcd0cd7b548945c4a,0.75
0x1d272a8b62d8f23d4fcf3ad10c20e8b28489acff,0.75
0x1ca9a3acdf30cf65a71125c2b621e8fb9ae52d5c,0.75
0x1c34cef5beb0cb770533d7b5a0f1aa03fa212ff1,0.75
0x1ba96ce4c465d8cd7dcc4e4cad1592d0470cdb6b,0.75
0x1a86c1b2727cb9f5f077b47314312bb036f1a0cb,0.75
0x1a652b3fceeee743aa0bd84e84cd14555cc63e17,0.75
0x19b6b6c053fd426edb2383ccb874087345f5c37d,0.75
0x198559fadf0552b2cf2950c237c919aa48089a03,0.75
0x194281d96d301c964c334d6426b764e1eb2d161a,0.75
0x193a6b47f4b96bd2e3740f6aba586709a419a0ae,0.75
0x1939e141dcb192bc2d0a3872bf68b5fcb6d7ec78,0.75
0x192da10e44415df72aeb9237d9a2d59df6b5130e,0.75
0x19121c58e6afbd1c71366be6d28f108de39047c8,0.75
0x593fd4e1701e428a48acb54b35b1183031631f26,0.75
0x59479de9d374bdbcba6c791e5d036591976fe421,0.75
0x59916d226c3fa2218d87197a726f03584374d5f8,0.75
0x968224b7abe4e6885c02c82e4a337147a3139a12,0.75
0x96167d550c83792e7583328023dbe6aca00ea17c,0.75
0x95e621836002184376564fa39dab2c97c7be258c,0.75
0x95de764b4b77dfaa487af3638fe6a2701daff401,0.75
0x9568d91e603d99807b7f48c402d3f2885a131dc1,0.75
0x95239520f5a415b3ee5ac717742cc5f2c978f263,0.75
0x9516f2a9fde3d2a0ef66def971ed5df001ea6aa1,0.75
0x949c77441af57707a93fed3cfba364a8aa488360,0.75
0x945975d113d06a64dc9423bcaf10ffd45b7324b3,0.75
0x93e970149d86c2aab8d5a3977684851f4ab05757,0.75
0x93cc440f07c9555e0117c63b6b0cb7e0fa6a2696,0.75
0x93a4b815e24ec2ebe7576ff8a439c6f66c06533c,0.75
0x939c7466fbf91865528f11a39ce4f5f76ee593a4,0.75
0x931edee9c1966dc08362753bf67011d796b94eea,0.75
0x92e39057ead7d432307a8734ac3ae2b58fa72642,0.75
0x928fa1aa01291ddca50a567f3a103c0ecc1e7141,0.75
0x961af2e0a34b71ca66729b88d232e7229bddbd28,0.75
0x96b6d6b1630b1c6b9ed0bf0bb88bc6dd3434d04b,0.75
0x9187cc29aecd7dd08c0afdaabbebe43096e820ab,0.75
0x96d86244b8259b7540e2c7ab61c337ffa222e61f,0.75
0x9e73ba4383ac05d98141752f03ba96898c862565,0.75
0x9c83ff0f1c8924da96cb2fcb7e093f78eb2e316b,0.75
0x9b455ab33059dd2d434b67683248afc517c378bf,0.75
0x9b2b85100b91342b7f95b73d5c2616699644df06,0.75
0x9ac50f72402d44aa7763cb4e293b326f6826711b,0.75
0x9ab6d45c2c220e55f7585f268a71982caf775210,0.75
0x9a4fd63c4151cee758e5fe578f26ba049b16ea21,0.75
0x996e778ff6e7fca4b8fcf8a9ec2e85c878241bc4,0.75
0x99011245ff6fe759e0e23d97d9736acc21aff578,0.75
0x984bb41cebddb46585fdb16a474402b1a576aa87,0.75
0x982df37f3606caaf910e30c26b4f12f5726f8d5d,0.75
0x976eaf157f922c3f93fc21a5be68faf17c8ddbe6,0.75
0x975601720be831307d9031ef87a418ee72a2e706,0.75
0x9744f3b964020f334ede12ce0037ed8e399b54ad,0.75
0x9706baf1eac15527c926da07c807963997a511e0,0.75
0x92139d490cf3de0d3d2254a1b47adcd9f05d6515,0.75
0x9174857fca5ba8050e2e119281fb9c69147046e1,0.75
0x9ea0940749187868dd6a433db4fcc0281c6ce897,0.75
0x8d7f864c93fc1a4efcaee3ace3afd01e715a2f85,0.75
0x8d3a3c8e68cde25cac5fe89c333f06797f187b81,0.75
0x8ca7079156ef9ac5f854c2f259b887193be5c816,0.75
0x8c74061eb27c55bf7be54269abd07705c96fb050,0.75
0x8c70c97bd9c7820ef4e0a03ff2215f71ec34b551,0.75
0x8be79b20d398c560cb9f8cf58a0414cea2234f1f,0.75
0x8b8dea3088fc60eff7e201a5cb2ddaeeac7b575b,0.75
0x8af6ad5623254427bb273ec79d63665f56d4e84b,0.75
0x8ab72854a1e28da96ca2817e05bcb3a842cab4d9,0.75
0x8a78132c8955224f0586a10257dcde8e1159c47a,0.75
0x8a1767522f17be6f23589c151baece9258962e37,0.75
0x89f2cef6b3da0cddc6f1d87bf2abd7d913a007ea,0.75
0x89ecd0eee9ec29d1018aed76735fe9cc5f2a6b59,0.75
0x897a4a5f17a438023511e0e265395881eafa5ff5,0.75
0x8932d41b239e2679cac55366dbbdda3c036be5eb,0.75
0x884e19620de7f4904aa55ccdb68c78382747f828,0.75
0x8d43ee78dc579c01ca8c59c736b10685843286df,0.75
0x8db272f6c89a7cb3961c687222602c2f92ef36bf,0.75
0x91288a345763806fd40bf2de8c2e9e71ab434faf,0.75
0x8dc47eca1062b82e13961273290dd234fc491a66,0.75
0x91204df46d6b3c89b98b2cd64455c41f0136b20e,0.75
0x90c8748949762088185a77503fcc031dcf37ccd8,0.75
0x90ace76dbcec03b40bfe3a982911493ac33630ed,0.75
0x90a872ed5152ca6435f8c0bf6ec3464b779e8fbf,0.75
0x90218b60321905fc32f65b129dc68d3bb7103bf7,0.75
0x8ff58d6bd14c9eeb4fae830a1feac0065d151e13,0.75
0x8f43dc83beba871271e4564bd3f403675b31db28,0.75
0x8f33a6bd2d5589cab589bfafba4c80aff1c2f808,0.75
0x8efdf847c785f04238629abb7d66ca6dccddb4f9,0.75
0x8ef6857fb72a8726ab1eccc1e9296f079a465ca4,0.75
0x8eddfb8e1d6c2f442a72826a47d0d6b234706b80,0.75
0x8ec27e9f5bab92b94b15ab4f1de164c5a5da2e99,0.75
0x8e8e88d1c32e5f14d612d45eb549b73fa1a3370e,0.75
0x8e53540b1dd3ac868025381c6bf94857171035df,0.75
0x8dccb79c03401b843591bbc8d0b678e153c11586,0.75
0x9e86659d0f10cd4641e7029d268c17a3c7c749a7,0.75
0x9ef2a1ee556c1ab7a8a499c20183aef5abee0430,0.75
0x8745125effd4a86f69aee71bfcea9768aa519e0e,0.75
0xae00d937e100a6a281f90974edec15d3efd755c9,0.75
0xadf2fc9e9cacb70e4c50ecbc66ee6b54d6be1961,0.75
0xadeaa091f69a0c2bb3c2f8b9406f758b3817f5e6,0.75
0xadb39cc04b1adeb08b55fa1326338e00e35a10a8,0.75
0xad9c86153aab4226b15f95e8a6cb1d37f613e316,0.75
0xad7a9ebcfa7941be829a290a39d8c524b1ada55e,0.75
0xad40d70d1d29d79b9ae3d92de9902580ccdcb31f,0.75
0xacdfd469aeecd872b5cabe6511b7a589016f87cc,0.75
0xac607f7a16a201f4294e4286d6be4c9b7551f8e0,0.75
0xac51ec748318dcdd590f5960a802602f8569729f,0.75
0xac1bd907dcdf1aed13df7cf38f5e51e65a737387,0.75
0xab43a45963691db96a66990b2df7deac8faa73b7,0.75
0xaa84bbf3e47dd2f296c6efe7b62f3378b6abe07b,0.75
0xaa59c4a4ede65ea65a4fa316f8b0948d5c1c467e,0.75
0xaa56697154d9dd6dbaf412f0f57a1ed4aacd7bc5,0.75
0xa9fedb1c6cd4da403e040acdc7520d94c5f04949,0.75
0xadfa7c8d9be13efe46544d05f6179ea8755d3702,0.75
0xae06465e2abdc87e480d41af13aabfcb491dc142,0.75
0xa8b047460efb9b8f99dbfc085981a261730d7065,0.75
0xae1c3b68d9e6c1aa9d4f2c8561439e247a3ad70d,0.75
0xb12ebdb57bd497c8bdd199dc343d462f4e1845f8,0.75
0xb0e0ccc257062c6de740a562be75c52ce6f0b53f,0.75
0xb0d5273e0752fe9e6f0dc5d18ff7bb405bda8207,0.75
0xb0939b91f2bf003827dac43b8dc95f81f2de92c9,0.75
0xb05db7a8217695c8aea77b3c788d437f6b7d8d85,0.75
0xb047e2113771d1699a0149a3459cd0fce82e5083,0.75
0xafd1e0562c91a933f4b40154045cee71939e95ea,0.75
0xafc4cba5af99f89b5a7acd2cc04876df6889d34b,0.75
0xafb6665f9213fa14dc338b2a726b347e9b237715,0.75
0xaf2584c69eaba52d8edbdc297504e02ef27e69ba,0.75
0xaf224520c848644a94b2daea280d071f6d0a0730,0.75
0xaef02d0ed08f6a8a01f35e1d6fc8d69280b5d028,0.75
0xaeda47201f9e1a1f7b5249aa1bc8e4b2ecff61fd,0.75
0xae611ac5891892fb83cc200ef89b788670c1ffb2,0.75
0xae207f93dc6519de0d655ca5ddee437f05ac7986,0.75
0xa9e991304a0b28852a3e6fd2162b41fea75a5487,0.75
0xa8ac0642526a4272513b4319b033142f0a67fba1,0.75
0x9f0cd14f3a194c14a8acd5ffaff52aaefe3d6100,0.75
0xa2ef26abd7d46ccedbf429e2f0a912a5f9c94c57,0.75
0xa26cc32635b4fb01bfa9da1e5c98ecaf597df5ff,0.75
0xa2271a35ad758830b576391823852c9b3f4877c2,0.75
0xa1fc682bb96f90725d50412326caffef5306a7bf,0.75
0xa1f7b5353648a63f3410b1bbd3d970348dc792b7,0.75
0xa19bbd1250bad10436f076e4c946a94fbd46f772,0.75
0xa12c09379fa2448ac2a591a699476d4625b623e1,0.75
0xa1280f931c2023507bbdcdd3b5185391f4d1ccb0,0.75
0xa10d262125ff9daf39e31f0bb8de6c5175ff2ce6,0.75
0xa095b3ae5042444269b2cbd945c3d72ec97866e0,0.75
0xa08955e83c72e405a0909da23988700fbf56343a,0.75
0xa02ff328dbc87468aaed903109729264ba85a609,0.75
0xa0144db3b8fe180f29beb4f5e8d9ab41b55e8a5a,0.75
0x9fed949b731394bc0375b445cab53382717822b3,0.75
0x9f85c0a1cfe3af69e3492dc8b4ebc11f79843fee,0.75
0x9f3d94a12033e6403d0e5c7e93970855b1d21f9b,0.75
0xa2c23205a3fbb231f1125cb2dd695ecf167a553b,0.75
0xa31b837bb778cc7211bb0424a6e7a02f3b86d994,0.75
0xa8abc10f81fe9a8625fef4ae242496dd1cf93155,0.75
0xa32886a9abb05d69ee88a55d98418539fe2b6339,0.75
0xa7026c5aee428bafafbeddc3bcbd42e349ee6f08,0.75
0xa6929bf253f5bcba10a6a7a0ff7f44d6457dc88e,0.75
0xa6320d634c580c65599b2c9878b61cf482c6562d,0.75
0xa61e85ebe6d2e782a9d086ab107852df9b07fa6b,0.75
0xa5b3038dec9f12467d0cd12d4267c3f547f70d01,0.75
0xa57393d206c0e20e7f0c6883975ec8b8a33ddc48,0.75
0xa556b62acf38bdfd6b321a2125f82ba718e1cdf8,0.75
0xa45cda70754b3f34ab45c2f5d1a8306abd78fbdd,0.75
0xa4464f6a9f8783c96c9d8e365081d3bc05d45846,0.75
0xa429c9111ef93f8b19d85c10f38dcf1bc083dac3,0.75
0xa3e367e00592946acfe91b1acab9030c887e0ff2,0.75
0xa3e15cbba75c694184a9a3242db734b7040b0e9f,0.75
0xa38b61576baa6984e8acb8232a04cc404229ead5,0.75
0xa37c01565454a3f3185f502c6b9671de1fc2d441,0.75
0xa35d798754ec47cf3bbca95714a1883e9a24e554,0.75
0x881be767290369e19080b8b24067b28e1956fa84,0.75
0x8709a1e4cf079f49e918e172974655bc124e0665,0.75
0x59effc1dd9c423b46f2d9a8577ace107017c9174,0.75
0x6a31b91ad87538b898e69b8b230955c4f76c166a,0.75
0x6994da2ca9ec138f4217118bf88d42be93fb25ec,0.75
0x69654382c14f34631dabb83400fd95e735bcbc5d,0.75
0x68fb33467349865d68c4f4f51237e3178e7aa254,0.75
0x686925ac7257a4aa5232cbfc7281e6ef8bfda942,0.75
0x686605bc5f5eb68478d5798cf0e0e19ee50a0fd5,0.75
0x67fd8c5e6ca5f2db4eb0b57966c11d2b45f452dd,0.75
0x67d92ce774c0ea659272166b4e47327c88e946b0,0.75
0x6799d8c6da994409ce53bdecdd0c3ebcfcfc3cea,0.75
0x67880ed8634f201164509ee188377c68370e140f,0.75
0x676ea78824d9c07b80989e82447aeb31270aee15,0.75
0x675b31fe43b9d3aa91cb014876526053386be832,0.75
0x6743406e32127b7efe84157f6fbed69fbba309fd,0.75
0x66bd5431782254774d11d9965929f4255c4147da,0.75
0x66bbd6396ff2b1d432ffd38c9449ec145d7a9895,0.75
0x6633449a5dd6329d9cb8e8f8b42c5f6db17a3fa9,0.75
0x69cc08261f9538185baa00543ce3ef1a57664be9,0.75
0x6a6a41946eb4162d3e672c178adcf65b5b8c6a7a,0.75
0x657f4cc380543265ad3d239cf62d3defcd4676a6,0.75
0x6a7e245ab5484f486601722df1456df9271cb962,0.75
0x70112acd1601bbe3dc855256de58af487b68c2cc,0.75
0x6f5b92048cbafb6ac2ce62df3212451b1c697295,0.75
0x6e3bb5e59c667c9d78f70fa220df2adf6e953f3f,0.75
0x6e39bdd23168f3fb68ba4ead8349ccc40cec07db,0.75
0x6e36ad41df9bd51d58d17352b03b69b7f1619ae9,0.75
0x6e1cafd426deae73a72c15d4d6bf3dae379a8f34,0.75
0x6e04a8cbefbf842d899da8fcd981c38b96724739,0.75
0x6d66aad25c2a2a9c0e7e5111105d7f5e1d8fb1cd,0.75
0x6d3c00343e4164a70302d7891fa54e9a2a4acd1a,0.75
0x6d1b86b86437dc418e07f1137d5b9b36fa452fed,0.75
0x6c1d97ea8aad4613521dc57f8403a34ff993ccf9,0.75
0x6c067786268f30ef328bfd76cd27dbb1902c0250,0.75
0x6bf565cf7b09de7dcb4d666c3fc84b2238182596,0.75
0x6bb526c4985a0376b370b548fb5fda5201f5cc52,0.75
0x6ae615835aa020ff1239dec4dd7a3a5e8b975649,0.75
0x65997780426dbeea51194dcce825f9a82ae331b0,0.75
0x65695dc74027688eb4036634dde3fe9fc02824e0,0.75
0x70ce25281d209e0acdc799b7d2ea5efb15db749c,0.75
0x5eaaddcf9d2eb53f7e11fba4cc7541fcc34d7395,0.75
0x5e1b448672ea92a623ddd63508abcf0ce5e11718,0.75
0x5e1870f3f6e0603b3cfe26eb4ac9b42ab3ffea03,0.75
0x5dfaada3d0cd92718dcc19e9163e2329fbe9ac6f,0.75
0x5dee831c6c7bf2b5cab0315f1bcbd75c416bf263,0.75
0x5de0d4a9394ef4248a15e8b716c1a830c98e34f6,0.75
0x5dcf3ed5134fd88c305eb98d9dc9a5fe7df48d39,0.75
0x5d509891b663ab0d7f9ee06e53d5d0d32c16f703,0.75
0x5d3087d1aa04235610cad6198598977b9b8156d3,0.75
0x5c3948556e3a952a0eb8781bd039faaa17371bdc,0.75
0x5bb28acc3bf71f7844cd4c65c2a1212ff75be6d4,0.75
0x5b9575d43f1010ff7f69a2571eb63ca4938ea61e,0.75
0x5b25e6ae547ba6a26ef5bbab21d413d872a1c538,0.75
0x5abeea9674187a38ab865d3e7fb70cbdc73923fb,0.75
0x5a7f3e42c60544af3444e7a93c0baf6bd47d1e93,0.75
0x5a1a27923ddd83ee93a9c065a53198c86631a44e,0.75
0x5e82c8b164d17d326f8d970aae8b615fc634071c,0.75
0x5edd48c6cec28bda216863ef113ad52ef7cf65c0,0.75
0x6559a5bae40db0cbfb9bde8a50a18c9d591d376a,0.75
0x5f5b47a4c5c738248001ecf14acffa58550884db,0.75
0x64e90a50ae2d9ee6c9f1884978f9eb222f559dea,0.75
0x64e4adafdaeaddf715d2bc1809d689b60213639e,0.75
0x6432642bef9b2eba292356f3a9cd1477527ec318,0.75
0x641d64c918ea38e31baaac11a168b7689165ea9d,0.75
0x63b6613ac94aa3c82e9d1cbe12b1ccc7c873a9b4,0.75
0x63ab21c9c03573e7db966d6d33c0f3b3dd481e54,0.75
0x634ffd24513c0def2127e2d086a81968f948c7d7,0.75
0x63407a00dec37915f1f6d91cea3eaeeb15a7f4ba,0.75
0x625f9046e871388cad0af846dce182e93e5c1b74,0.75
0x623b4fb6ff29ea1f8a6d45cc5fe547012ea63a48,0.75
0x6232f834b43892255b052e601ba199e7691f36f4,0.75
0x622c3f5c509a8f1319bb5f851e7b609628d43b95,0.75
0x613539f0ce838161ed0be0720ce5d5833b4cea59,0.75
0x60c22c3a4980e43a85cc5dc257282820b31f37fe,0.75
0x6032c6cab161f865d1b9143bf5c439e4dee920a5,0.75
0x70c8291cfa5a9bf694ac9d6e614748f75e920a89,0.75
0x710969790ed5fb31cdd1ad9432d07c7e326e1092,0.75
0x8700ba8042d62fc95b96dbfedc7c99ce922d78ba,0.75
0x809dcc99c388767fb8bd9c25590f96c801aaebaf,0.75
0x7f3abba4b6c9c1b111f1cf482333043e3f17ab57,0.75
0x7f25ac1c008cdba49f9581d618c51979d45e3ff0,0.75
0x7ee3ae41ab2e5ed0128eb02796647b180e642acf,0.75
0x7eb6fa8b4432f8e665b2e3b450b25a641f8a0d21,0.75
0x7e645b1db6173af9c76862d20615c46baf1d5bba,0.75
0x7e230230d2f2a5685d09967821f7f9fa62887e2d,0.75
0x7e12ae54814a0624880a6339aef89e76c9aa6e1e,0.75
0x7dc5a8ee9a9f1fb35105b5d06394fe54624433e2,0.75
0x7da940212642d20862ed2f479a56cc3eb1ea3c8c,0.75
0x7d9ccab3e32a0f85257ca8c3feda4d233ec77343,0.75
0x7d78804e6da35bd3efb73fda18d9965286bb0b9d,0.75
0x7d70a7cecee6db8c36ee8e50f0bc181d0bd76b0c,0.75
0x7d19c57d11341a1778930233215c5d7e2a30ac15,0.75
0x7cbad3efae95c6c7cb7550f4cf18b067cbd8dc16,0.75
0x7c69897fdf186f025ed9ea21a2cb5284e500a6ed,0.75
0x802ce3834cd488f31d58163eb24ddd7ed2cb836a,0.75
0x80d972a9659bfedb04c56710e1ce12264be3d481,0.75
0x7c168086d50830a831d285b25d1375437fdada4a,0.75
0x8113ef2fc15398b82169e7583eb6fef03a8b7bf8,0.75
0x864a9ab7e81c1dcf0a86da34a85773cd0d987c5c,0.75
0x861272eb290893c52a274557bba9a04077a85209,0.75
0x85d15a3d11fd324660edeabd8f459b9441c793fd,0.75
0x85ceaaf762a2a78a6f6869c935b1c5e58e1abc65,0.75
0x85ce77e3eca77a635554ba6af79ee402d135b2df,0.75
0x855655fcbe97f7bed207d90907ae1e14e24a1a77,0.75
0x84d194d4badf9d54f5507d863d06168231428df0,0.75
0x84c08e5de4e1298617d028df4f25724445ba63fb,0.75
0x84acb0c0fc059376c4803692c8a76ee1a5736d10,0.75
0x845545f68a7c3d3a0ec7c030bd23c9d7554a111a,0.75
0x83c03429c62379b6063757b00061c042323de03e,0.75
0x827bb3c87b3e50382af817a219c494049c4af510,0.75
0x8259058d1ef17953e38163a52e3e29e6bb3e4093,0.75
0x822b9d322d8923f61239f2efad13b10378ceff87,0.75
0x81c270f9e02429a644a43c6d75a8d0a540ac8c95,0.75
0x7c2dc9ec9c4a5b47d06f8b16da68403cb5c1757a,0.75
0x7b92905417a2f1cd79083b1f427f8c6b3125e266,0.75
0x718d6166707c1880899aa2c924b15abc3bf3f3be,0.75
0x7726ac495acf148422f63be316da77092e4cd292,0.75
0x7688e7f86a4c561d38859d2d4df98d6b1c6d9903,0.75
0x765ae31119d7f56b0179ae28917f8f2b49ebae13,0.75
0x763489382f72c9a6a6051d6bca27248aa9b897bb,0.75
0x754497d0ba7d82f22080ff5be81e21ca70eec370,0.75
0x75320178fcdd76c56abb8939e090c9382d07e9ae,0.75
0x7512001c7b8f88ad642f4d0d9c04caff61c49a3c,0.75
0x74f72559aad87dad657028e06b6ddc96998b648d,0.75
0x747c849b5db3988b48ab4ebe9f6f9acbc025b85f,0.75
0x747a70e778985799b11a536fc716baf3e290bb10,0.75
0x74642a10ee71b3ae2c67ea7543e20e546312faba,0.75
0x7443e57a7d4df44fe6819dd76474ba9c3be3c81d,0.75
0x73fbb741f1a97f68bf10b0835bbce1fe96aa1389,0.75
0x734ad501ff8c5a359bff5a837db90bddbb33683a,0.75
0x721473ed4506b747de12facb6822d628883ededc,0.75
0x71e11ff2ace07fc2d742c2cf83daeb52b2e28062,0.75
0x76bc6c47271140cd1dc28fff6925fe5bf53673bd,0.75
0x774726767fbdc6231723da46c23ad7ba1a2865b2,0.75
0x7af6903cd3f1618fdf584555301b0e3df7da4981,0.75
0x777d92fcb83ca9131b05ce579d9a951019c4ca5c,0.75
0x7ab6a21fea7123638f066c3914743d0bd004ad48,0.75
0x7aa88cad2bad19340e3d494d7480c32a58dfa77b,0.75
0x7a8e97a09d72565210229311b0dd7027867a3ccb,0.75
0x7a3ffa82dc810e6671f175a779967196d72f1667,0.75
0x7a338df4136bf0d79e994c99f271d8a0e05cb4bb,0.75
0x799ec95bfc23ec1c304f016288078251fee2d7b6,0.75
0x797234bb9fd52fa778544590d1fdb1feeb0f644c,0.75
0x7961021c6434da40147528d101d967235012b8c4,0.75
0x78f8c78a212d64ce1148355dee3f26a6e029ebba,0.75
0x78760bd132bee4c72ded238e1d04bda3f3c7ed4a,0.75
0x78717bdb297b00310561f43911d1558d87c3e160,0.75
0x7833bb98bf9b155f9824e36b2ec5d7e708a88f9f,0.75
0x78179aba019d1f4a0e99bc0b90c9c92c831e50f7,0.75
0x77fb509a05c588062c17a5676ab1605aac383826,0.75
0x77a77621d632ee9b38bbfb348560d3671840b9db,0.75
0xfffe7c84d5ec40b4eb6006b01e29cc59e3c2c3bb,0.75
